[{"@type":"customFunc","id":"@1","name":"sap_bapi_get_customer","mappletName":"BAPI_CUSTOMER_GETDETAIL_MappLet","active":true,"mappletXmlFile":"BAPI_CUSTOMER_GETDETAIL.xml","category":"SAP_MAPPLET","inputs":[{"@type":"field","id":10997916,"name":"SI_Integration_Id","type":"string","uniqueName":"SI_Integration_Id","label":"SI_Integration_Id","parentObject":"sap_bapi_get_customer","precision":100,"scale":0,"columnIndex":-1,"isKey":false,"isExternalId":false,"isSfIdLookup":false,"isNullable":true,"isUnique":false,"isCreateable":false,"isUpdateable":true,"isFilterable":true,"isCalculated":false,"showLabel":true,"naturalOrder":0,"linkedFields":[],"relatedInfos":[],"references":[]},{"@type":"field","id":10997917,"name":"SI_CUSTOMERNO","type":"string","uniqueName":"SI_CUSTOMERNO","label":"Customer to Be Required","parentObject":"sap_bapi_get_customer","precision":10,"scale":0,"columnIndex":-1,"isKey":false,"isExternalId":false,"isSfIdLookup":false,"isNullable":true,"isUnique":false,"isCreateable":false,"isUpdateable":true,"isFilterable":true,"isCalculated":false,"showLabel":true,"naturalOrder":0,"linkedFields":[],"relatedInfos":[],"references":[]},{"@type":"field","id":10997918,"name":"SI_PI_SALESORG","type":"string","uniqueName":"SI_PI_SALESORG","label":"Sales Organization","parentObject":"sap_bapi_get_customer","precision":4,"scale":0,"columnIndex":-1,"isKey":false,"isExternalId":false,"isSfIdLookup":false,"isNullable":true,"isUnique":false,"isCreateable":false,"isUpdateable":true,"isFilterable":true,"isCalculated":false,"showLabel":true,"naturalOrder":0,"linkedFields":[],"relatedInfos":[],"references":[]},{"@type":"field","id":10997919,"name":"SI_PI_DISTR_CHAN","type":"string","uniqueName":"SI_PI_DISTR_CHAN","label":"Distribution Channel","parentObject":"sap_bapi_get_customer","precision":2,"scale":0,"columnIndex":-1,"isKey":false,"isExternalId":false,"isSfIdLookup":false,"isNullable":true,"isUnique":false,"isCreateable":false,"isUpdateable":true,"isFilterable":true,"isCalculated":false,"showLabel":true,"naturalOrder":0,"linkedFields":[],"relatedInfos":[],"references":[]},{"@type":"field","id":10997920,"name":"SI_PI_DIVISION","type":"string","uniqueName":"SI_PI_DIVISION","label":"Division","parentObject":"sap_bapi_get_customer","precision":2,"scale":0,"columnIndex":-1,"isKey":false,"isExternalId":false,"isSfIdLookup":false,"isNullable":true,"isUnique":false,"isCreateable":false,"isUpdateable":true,"isFilterable":true,"isCalculated":false,"showLabel":true,"naturalOrder":0,"linkedFields":[],"relatedInfos":[],"references":[]},{"@type":"field","id":10997921,"name":"SI_PI_PASS_BUFFER","type":"string","uniqueName":"SI_PI_PASS_BUFFER","label":"Pass Buffer","parentObject":"sap_bapi_get_customer","precision":1,"scale":0,"columnIndex":-1,"isKey":false,"isExternalId":false,"isSfIdLookup":false,"isNullable":true,"isUnique":false,"isCreateable":false,"isUpdateable":true,"isFilterable":true,"isCalculated":false,"showLabel":true,"naturalOrder":0,"linkedFields":[],"relatedInfos":[],"references":[]}],"outputs":[{"@type":"field","id":10997922,"name":"SO_Integration_Id","type":"string","uniqueName":"SO_Integration_Id","label":"SO_Integration_Id","parentObject":"sap_bapi_get_customer","precision":100,"scale":0,"columnIndex":-1,"isKey":false,"isExternalId":false,"isSfIdLookup":false,"isNullable":true,"isUnique":false,"isCreateable":false,"isUpdateable":true,"isFilterable":true,"isCalculated":false,"showLabel":true,"naturalOrder":0,"linkedFields":[],"relatedInfos":[],"references":[]},{"@type":"field","id":10997923,"name":"SO_PE_ADDRESS_FORM_OF_AD","type":"string","uniqueName":"SO_PE_ADDRESS_FORM_OF_AD","label":"Form of address for contact person (Mr, Mrs...etc)","parentObject":"sap_bapi_get_customer","precision":30,"scale":0,"columnIndex":-1,"isKey":false,"isExternalId":false,"isSfIdLookup":false,"isNullable":true,"isUnique":false,"isCreateable":false,"isUpdateable":true,"isFilterable":true,"isCalculated":false,"showLabel":true,"naturalOrder":0,"linkedFields":[],"relatedInfos":[],"references":[]},{"@type":"field","id":10997924,"name":"SO_PE_ADDRESS_FIRST_NAME","type":"string","uniqueName":"SO_PE_ADDRESS_FIRST_NAME","label":"First name","parentObject":"sap_bapi_get_customer","precision":35,"scale":0,"columnIndex":-1,"isKey":false,"isExternalId":false,"isSfIdLookup":false,"isNullable":true,"isUnique":false,"isCreateable":false,"isUpdateable":true,"isFilterable":true,"isCalculated":false,"showLabel":true,"naturalOrder":0,"linkedFields":[],"relatedInfos":[],"references":[]},{"@type":"field","id":10997925,"name":"SO_PE_ADDRESS_NAME","type":"string","uniqueName":"SO_PE_ADDRESS_NAME","label":"Name 1","parentObject":"sap_bapi_get_customer","precision":35,"scale":0,"columnIndex":-1,"isKey":false,"isExternalId":false,"isSfIdLookup":false,"isNullable":true,"isUnique":false,"isCreateable":false,"isUpdateable":true,"isFilterable":true,"isCalculated":false,"showLabel":true,"naturalOrder":0,"linkedFields":[],"relatedInfos":[],"references":[]},{"@type":"field","id":10997926,"name":"SO_PE_ADDRESS_NAME_3","type":"string","uniqueName":"SO_PE_ADDRESS_NAME_3","label":"Name 3","parentObject":"sap_bapi_get_customer","precision":35,"scale":0,"columnIndex":-1,"isKey":false,"isExternalId":false,"isSfIdLookup":false,"isNullable":true,"isUnique":false,"isCreateable":false,"isUpdateable":true,"isFilterable":true,"isCalculated":false,"showLabel":true,"naturalOrder":0,"linkedFields":[],"relatedInfos":[],"references":[]},{"@type":"field","id":10997927,"name":"SO_PE_ADDRESS_NAME_4","type":"string","uniqueName":"SO_PE_ADDRESS_NAME_4","label":"Name 4","parentObject":"sap_bapi_get_customer","precision":35,"scale":0,"columnIndex":-1,"isKey":false,"isExternalId":false,"isSfIdLookup":false,"isNullable":true,"isUnique":false,"isCreateable":false,"isUpdateable":true,"isFilterable":true,"isCalculated":false,"showLabel":true,"naturalOrder":0,"linkedFields":[],"relatedInfos":[],"references":[]},{"@type":"field","id":10997928,"name":"SO_PE_ADDRESS_DATE_BIRTH","type":"date/time","uniqueName":"SO_PE_ADDRESS_DATE_BIRTH","label":"Date of Birth","parentObject":"sap_bapi_get_customer","precision":29,"scale":9,"columnIndex":-1,"isKey":false,"isExternalId":false,"isSfIdLookup":false,"isNullable":true,"isUnique":false,"isCreateable":false,"isUpdateable":true,"isFilterable":true,"isCalculated":false,"showLabel":true,"naturalOrder":0,"linkedFields":[],"relatedInfos":[],"references":[]},{"@type":"field","id":10997929,"name":"SO_PE_ADDRESS_STREET","type":"string","uniqueName":"SO_PE_ADDRESS_STREET","label":"House number and street","parentObject":"sap_bapi_get_customer","precision":35,"scale":0,"columnIndex":-1,"isKey":false,"isExternalId":false,"isSfIdLookup":false,"isNullable":true,"isUnique":false,"isCreateable":false,"isUpdateable":true,"isFilterable":true,"isCalculated":false,"showLabel":true,"naturalOrder":0,"linkedFields":[],"relatedInfos":[],"references":[]},{"@type":"field","id":10997930,"name":"SO_PE_ADDRESS_POSTL_CODE","type":"string","uniqueName":"SO_PE_ADDRESS_POSTL_CODE","label":"Postal Code","parentObject":"sap_bapi_get_customer","precision":10,"scale":0,"columnIndex":-1,"isKey":false,"isExternalId":false,"isSfIdLookup":false,"isNullable":true,"isUnique":false,"isCreateable":false,"isUpdateable":true,"isFilterable":true,"isCalculated":false,"showLabel":true,"naturalOrder":0,"linkedFields":[],"relatedInfos":[],"references":[]},{"@type":"field","id":10997931,"name":"SO_PE_ADDRESS_CITY","type":"string","uniqueName":"SO_PE_ADDRESS_CITY","label":"City","parentObject":"sap_bapi_get_customer","precision":35,"scale":0,"columnIndex":-1,"isKey":false,"isExternalId":false,"isSfIdLookup":false,"isNullable":true,"isUnique":false,"isCreateable":false,"isUpdateable":true,"isFilterable":true,"isCalculated":false,"showLabel":true,"naturalOrder":0,"linkedFields":[],"relatedInfos":[],"references":[]},{"@type":"field","id":10997932,"name":"SO_PE_ADDRESS_REGION","type":"string","uniqueName":"SO_PE_ADDRESS_REGION","label":"Region (State, Province, County)","parentObject":"sap_bapi_get_customer","precision":3,"scale":0,"columnIndex":-1,"isKey":false,"isExternalId":false,"isSfIdLookup":false,"isNullable":true,"isUnique":false,"isCreateable":false,"isUpdateable":true,"isFilterable":true,"isCalculated":false,"showLabel":true,"naturalOrder":0,"linkedFields":[],"relatedInfos":[],"references":[]},{"@type":"field","id":10997933,"name":"SO_PE_ADDRESS_COUNTRY","type":"string","uniqueName":"SO_PE_ADDRESS_COUNTRY","label":"Country Key","parentObject":"sap_bapi_get_customer","precision":3,"scale":0,"columnIndex":-1,"isKey":false,"isExternalId":false,"isSfIdLookup":false,"isNullable":true,"isUnique":false,"isCreateable":false,"isUpdateable":true,"isFilterable":true,"isCalculated":false,"showLabel":true,"naturalOrder":0,"linkedFields":[],"relatedInfos":[],"references":[]},{"@type":"field","id":10997934,"name":"SO_PE_ADDRESS_COUNTRNISO","type":"string","uniqueName":"SO_PE_ADDRESS_COUNTRNISO","label":"Field for dismantling country ISO code fields","parentObject":"sap_bapi_get_customer","precision":3,"scale":0,"columnIndex":-1,"isKey":false,"isExternalId":false,"isSfIdLookup":false,"isNullable":true,"isUnique":false,"isCreateable":false,"isUpdateable":true,"isFilterable":true,"isCalculated":false,"showLabel":true,"naturalOrder":0,"linkedFields":[],"relatedInfos":[],"references":[]},{"@type":"field","id":10997935,"name":"SO_PE_ADDRESS_COUNTRAISO","type":"string","uniqueName":"SO_PE_ADDRESS_COUNTRAISO","label":"Field for dismantling country ISO code fields","parentObject":"sap_bapi_get_customer","precision":3,"scale":0,"columnIndex":-1,"isKey":false,"isExternalId":false,"isSfIdLookup":false,"isNullable":true,"isUnique":false,"isCreateable":false,"isUpdateable":true,"isFilterable":true,"isCalculated":false,"showLabel":true,"naturalOrder":0,"linkedFields":[],"relatedInfos":[],"references":[]},{"@type":"field","id":10997936,"name":"SO_PE_ADDRESS_INTERNET","type":"string","uniqueName":"SO_PE_ADDRESS_INTERNET","label":"Internet address of partner company clerk","parentObject":"sap_bapi_get_customer","precision":130,"scale":0,"columnIndex":-1,"isKey":false,"isExternalId":false,"isSfIdLookup":false,"isNullable":true,"isUnique":false,"isCreateable":false,"isUpdateable":true,"isFilterable":true,"isCalculated":false,"showLabel":true,"naturalOrder":0,"linkedFields":[],"relatedInfos":[],"references":[]},{"@type":"field","id":10997937,"name":"SO_PE_ADDRESS_FAX_NUMBER","type":"string","uniqueName":"SO_PE_ADDRESS_FAX_NUMBER","label":"Fax Number","parentObject":"sap_bapi_get_customer","precision":31,"scale":0,"columnIndex":-1,"isKey":false,"isExternalId":false,"isSfIdLookup":false,"isNullable":true,"isUnique":false,"isCreateable":false,"isUpdateable":true,"isFilterable":true,"isCalculated":false,"showLabel":true,"naturalOrder":0,"linkedFields":[],"relatedInfos":[],"references":[]},{"@type":"field","id":10997938,"name":"SO_PE_ADDRESS_TELEPHONE","type":"string","uniqueName":"SO_PE_ADDRESS_TELEPHONE","label":"First telephone number","parentObject":"sap_bapi_get_customer","precision":16,"scale":0,"columnIndex":-1,"isKey":false,"isExternalId":false,"isSfIdLookup":false,"isNullable":true,"isUnique":false,"isCreateable":false,"isUpdateable":true,"isFilterable":true,"isCalculated":false,"showLabel":true,"naturalOrder":0,"linkedFields":[],"relatedInfos":[],"references":[]},{"@type":"field","id":10997939,"name":"SO_PE_ADDRESS_TELEPHONE2","type":"string","uniqueName":"SO_PE_ADDRESS_TELEPHONE2","label":"Second telephone number","parentObject":"sap_bapi_get_customer","precision":16,"scale":0,"columnIndex":-1,"isKey":false,"isExternalId":false,"isSfIdLookup":false,"isNullable":true,"isUnique":false,"isCreateable":false,"isUpdateable":true,"isFilterable":true,"isCalculated":false,"showLabel":true,"naturalOrder":0,"linkedFields":[],"relatedInfos":[],"references":[]},{"@type":"field","id":10997940,"name":"SO_PE_ADDRESS_LANGU","type":"string","uniqueName":"SO_PE_ADDRESS_LANGU","label":"Language Key","parentObject":"sap_bapi_get_customer","precision":1,"scale":0,"columnIndex":-1,"isKey":false,"isExternalId":false,"isSfIdLookup":false,"isNullable":true,"isUnique":false,"isCreateable":false,"isUpdateable":true,"isFilterable":true,"isCalculated":false,"showLabel":true,"naturalOrder":0,"linkedFields":[],"relatedInfos":[],"references":[]},{"@type":"field","id":10997941,"name":"SO_PE_ADDRESS_LANGU_ISO","type":"string","uniqueName":"SO_PE_ADDRESS_LANGU_ISO","label":"2-Character SAP Language Code","parentObject":"sap_bapi_get_customer","precision":2,"scale":0,"columnIndex":-1,"isKey":false,"isExternalId":false,"isSfIdLookup":false,"isNullable":true,"isUnique":false,"isCreateable":false,"isUpdateable":true,"isFilterable":true,"isCalculated":false,"showLabel":true,"naturalOrder":0,"linkedFields":[],"relatedInfos":[],"references":[]},{"@type":"field","id":10997942,"name":"SO_PE_ADDRESS_CURRENCY","type":"string","uniqueName":"SO_PE_ADDRESS_CURRENCY","label":"Currency Key","parentObject":"sap_bapi_get_customer","precision":5,"scale":0,"columnIndex":-1,"isKey":false,"isExternalId":false,"isSfIdLookup":false,"isNullable":true,"isUnique":false,"isCreateable":false,"isUpdateable":true,"isFilterable":true,"isCalculated":false,"showLabel":true,"naturalOrder":0,"linkedFields":[],"relatedInfos":[],"references":[]},{"@type":"field","id":10997943,"name":"SO_PE_ADDRESS_CURRENCY_ISO","type":"string","uniqueName":"SO_PE_ADDRESS_CURRENCY_ISO","label":"ISO code currency","parentObject":"sap_bapi_get_customer","precision":3,"scale":0,"columnIndex":-1,"isKey":false,"isExternalId":false,"isSfIdLookup":false,"isNullable":true,"isUnique":false,"isCreateable":false,"isUpdateable":true,"isFilterable":true,"isCalculated":false,"showLabel":true,"naturalOrder":0,"linkedFields":[],"relatedInfos":[],"references":[]},{"@type":"field","id":10997944,"name":"SO_PE_ADDRESS_COUNTRYISO","type":"string","uniqueName":"SO_PE_ADDRESS_COUNTRYISO","label":"Country ISO code","parentObject":"sap_bapi_get_customer","precision":2,"scale":0,"columnIndex":-1,"isKey":false,"isExternalId":false,"isSfIdLookup":false,"isNullable":true,"isUnique":false,"isCreateable":false,"isUpdateable":true,"isFilterable":true,"isCalculated":false,"showLabel":true,"naturalOrder":0,"linkedFields":[],"relatedInfos":[],"references":[]},{"@type":"field","id":10997945,"name":"SO_PE_ADDRESS_ONLY_CHANGE_COMADDRESS","type":"string","uniqueName":"SO_PE_ADDRESS_ONLY_CHANGE_COMADDRESS","label":"Checkbox","parentObject":"sap_bapi_get_customer","precision":1,"scale":0,"columnIndex":-1,"isKey":false,"isExternalId":false,"isSfIdLookup":false,"isNullable":true,"isUnique":false,"isCreateable":false,"isUpdateable":true,"isFilterable":true,"isCalculated":false,"showLabel":true,"naturalOrder":0,"linkedFields":[],"relatedInfos":[],"references":[]},{"@type":"field","id":10997946,"name":"SO_RETURN_TYPE","type":"string","uniqueName":"SO_RETURN_TYPE","label":"Message type: S Success, E Error, W Warning, I Info, A Abort","parentObject":"sap_bapi_get_customer","precision":1,"scale":0,"columnIndex":-1,"isKey":false,"isExternalId":false,"isSfIdLookup":false,"isNullable":true,"isUnique":false,"isCreateable":false,"isUpdateable":true,"isFilterable":true,"isCalculated":false,"showLabel":true,"naturalOrder":0,"linkedFields":[],"relatedInfos":[],"references":[]},{"@type":"field","id":10997947,"name":"SO_RETURN_CODE","type":"string","uniqueName":"SO_RETURN_CODE","label":"Message code","parentObject":"sap_bapi_get_customer","precision":5,"scale":0,"columnIndex":-1,"isKey":false,"isExternalId":false,"isSfIdLookup":false,"isNullable":true,"isUnique":false,"isCreateable":false,"isUpdateable":true,"isFilterable":true,"isCalculated":false,"showLabel":true,"naturalOrder":0,"linkedFields":[],"relatedInfos":[],"references":[]},{"@type":"field","id":10997948,"name":"SO_RETURN_MESSAGE","type":"string","uniqueName":"SO_RETURN_MESSAGE","label":"Message Text","parentObject":"sap_bapi_get_customer","precision":220,"scale":0,"columnIndex":-1,"isKey":false,"isExternalId":false,"isSfIdLookup":false,"isNullable":true,"isUnique":false,"isCreateable":false,"isUpdateable":true,"isFilterable":true,"isCalculated":false,"showLabel":true,"naturalOrder":0,"linkedFields":[],"relatedInfos":[],"references":[]},{"@type":"field","id":10997949,"name":"SO_RETURN_LOG_NO","type":"string","uniqueName":"SO_RETURN_LOG_NO","label":"Application log: log number","parentObject":"sap_bapi_get_customer","precision":20,"scale":0,"columnIndex":-1,"isKey":false,"isExternalId":false,"isSfIdLookup":false,"isNullable":true,"isUnique":false,"isCreateable":false,"isUpdateable":true,"isFilterable":true,"isCalculated":false,"showLabel":true,"naturalOrder":0,"linkedFields":[],"relatedInfos":[],"references":[]},{"@type":"field","id":10997950,"name":"SO_RETURN_LOG_MSG_NO","type":"decimal","uniqueName":"SO_RETURN_LOG_MSG_NO","label":"Application log: Internal message serial number","parentObject":"sap_bapi_get_customer","precision":6,"scale":0,"columnIndex":-1,"isKey":false,"isExternalId":false,"isSfIdLookup":false,"isNullable":true,"isUnique":false,"isCreateable":false,"isUpdateable":true,"isFilterable":true,"isCalculated":false,"showLabel":true,"naturalOrder":0,"linkedFields":[],"relatedInfos":[],"references":[]},{"@type":"field","id":10997951,"name":"SO_RETURN_MESSAGE_V1","type":"string","uniqueName":"SO_RETURN_MESSAGE_V1","label":"Message Variable","parentObject":"sap_bapi_get_customer","precision":50,"scale":0,"columnIndex":-1,"isKey":false,"isExternalId":false,"isSfIdLookup":false,"isNullable":true,"isUnique":false,"isCreateable":false,"isUpdateable":true,"isFilterable":true,"isCalculated":false,"showLabel":true,"naturalOrder":0,"linkedFields":[],"relatedInfos":[],"references":[]},{"@type":"field","id":10997952,"name":"SO_RETURN_MESSAGE_V2","type":"string","uniqueName":"SO_RETURN_MESSAGE_V2","label":"Message Variable","parentObject":"sap_bapi_get_customer","precision":50,"scale":0,"columnIndex":-1,"isKey":false,"isExternalId":false,"isSfIdLookup":false,"isNullable":true,"isUnique":false,"isCreateable":false,"isUpdateable":true,"isFilterable":true,"isCalculated":false,"showLabel":true,"naturalOrder":0,"linkedFields":[],"relatedInfos":[],"references":[]},{"@type":"field","id":10997953,"name":"SO_RETURN_MESSAGE_V3","type":"string","uniqueName":"SO_RETURN_MESSAGE_V3","label":"Message Variable","parentObject":"sap_bapi_get_customer","precision":50,"scale":0,"columnIndex":-1,"isKey":false,"isExternalId":false,"isSfIdLookup":false,"isNullable":true,"isUnique":false,"isCreateable":false,"isUpdateable":true,"isFilterable":true,"isCalculated":false,"showLabel":true,"naturalOrder":0,"linkedFields":[],"relatedInfos":[],"references":[]},{"@type":"field","id":10997954,"name":"SO_RETURN_MESSAGE_V4","type":"string","uniqueName":"SO_RETURN_MESSAGE_V4","label":"Message Variable","parentObject":"sap_bapi_get_customer","precision":50,"scale":0,"columnIndex":-1,"isKey":false,"isExternalId":false,"isSfIdLookup":false,"isNullable":true,"isUnique":false,"isCreateable":false,"isUpdateable":true,"isFilterable":true,"isCalculated":false,"showLabel":true,"naturalOrder":0,"linkedFields":[],"relatedInfos":[],"references":[]},{"@type":"field","id":10997955,"name":"ErrorBapiData","type":"string","uniqueName":"ErrorBapiData","label":"Erroneous BAPI Data","parentObject":"sap_bapi_get_customer","precision":65535,"scale":0,"columnIndex":-1,"isKey":false,"isExternalId":false,"isSfIdLookup":false,"isNullable":true,"isUnique":false,"isCreateable":false,"isUpdateable":true,"isFilterable":true,"isCalculated":false,"showLabel":true,"naturalOrder":0,"linkedFields":[],"relatedInfos":[],"references":[]}],"connections":[{"@type":"pcsConnection","id":40310,"name":"BAPI/RFC connection","type":"Application","subType":"SAP RFC/BAPI Interface"}]}]