[{"@type":"mappingTemplate","id":"@1","name":"m_sap_sales_orders_to_ff","description":"","bundleVersion":"0","templateId":"@3","deployTime":1590589678000,"hasParameters":false,"valid":true,"fixedConnection":true,"hasParametersDeployed":false,"fixedConnectionDeployed":true,"tasks":0,"mappingPreviewFileRecordId":"@2","documentType":"","references":[{"@type":"reference","refObjectId":"@33psHEO8YLLjM2z8vRoxIM","refType":"connection"},{"@type":"reference","refObjectId":"@aTNOqTkTPXTe5bX4Uij4Uk","refType":"connection"}]}]