[{"@type":"mtTask","id":"@1","name":"IICS__regions","description":"","runtimeEnvironmentId":"@9xH9pFY09YOjDxo3z5k50P","maxLogs":10,"verbose":false,"mappingId":"@2Xj4L3ko0eDcgvp6jXHOA4","shortDescription":"","sessionProperties":{},"enableCrossSchemaPushdown":false,"parameters":[{"@type":"mtTaskParameter","id":6131857,"name":"$DBSource1$","type":"EXTENDED_SOURCE","label":"SrcConnection","description":"","uiProperties":{"connectionParameterized":"true","logcnx":"SrcConnection","isMsrcFilterParameterized":"false","isMsrcSortParameterized":"false","objlabel":"SrcDBObject","objectParameterized":"true","objDesc":""},"sourceConnectionId":"@1aV5vg6LFmgjCWhrdvLbm4","newFlatFile":false,"newObject":false,"showBusinessNames":true,"naturalOrder":true,"truncateTarget":false,"bulkApiDBTarget":false,"customFuncCfg":{"@type":"customFuncConfig","id":-1,"connections":[],"inputMap":[],"outputFields":[]},"tgtFieldRefs":{},"targetUpdateColumns":[],"extendedObject":{"@type":"extendedObject","object":{"@type":"mObject","name":"REGIONS","label":"REGIONS","metadataUpdated":false,"relations":[],"children":[]},"filters":[],"sortFields":[]},"runtimeAttrs":{},"isRESTModernSource":true,"isFileList":false,"handleSpecialChars":false,"frsAsset":false,"tgtObjectAttributes":{},"runtimeParameterData":{"@type":"mtTaskRuntimeParameterData","isConnectionRuntimeParameter":false,"isObjectRuntimeParameter":false,"connectionParameterName":"SrcConnection","objectParameterName":"SrcDBObject"},"overriddenFields":[]},{"@type":"mtTaskParameter","id":6131858,"name":"$CloudTarget$","type":"TARGET","label":"CloudTarget","uiProperties":{"connectionParameterized":"false","objlabel":"TargetObject","objectParameterized":"true","objDesc":"","defaultTargetUpdateColumns":""},"targetConnectionId":"@2KXlF6s1jZ0fJzA08XpTSO","targetObject":"regions","targetObjectLabel":"regions","newFlatFile":false,"newObject":true,"showBusinessNames":true,"naturalOrder":true,"newObjectName":"regions","truncateTarget":false,"bulkApiDBTarget":false,"operationType":"Insert","customFuncCfg":{"@type":"customFuncConfig","id":-1,"connections":[],"inputMap":[],"outputFields":[]},"tgtFieldRefs":{},"targetUpdateColumns":[],"extendedObject":{"@type":"extendedObject","filters":[],"sortFields":[]},"runtimeAttrs":{"Enable Compression":"NO","Max Redshift Errors per Upload Batch for INSERT":"1","Error File Directory":"","TransferManager Thread Pool Size":"10","Analyze Target Table":"NO","DELETE":"NO","Prefix for Retaining Staging files on S3":"","Wait time in seconds for file consistency on S3":"1","Part Size":"5242880","UPDATE":"None","Vacuum Target Table":"None","CopyOptions Property File":"DELIMITER=\\036\nQUOTE=\\037\nACCEPTINVCHARS=?\nCOMPUPDATE=OFF\nAWS_IAM_ROLE=","S3 Bucket Name":"","Pre-sql":"","Post-sql":"","Turn on S3 Client Side Encryption":"NO","Turn on S3 Server Side Encryption":"NO","Staging Directory Location":"","Truncate Target Table Before Data Load":"NO","Batch Size":"2000000","INSERT":"YES","Null value for CHAR and VARCHAR data types":"","Target Table Name":"","Success File Directory":""},"isRESTModernSource":true,"isFileList":false,"handleSpecialChars":false,"frsAsset":false,"tgtObjectAttributes":{"parent":"op1075231/"},"runtimeParameterData":{"@type":"mtTaskRuntimeParameterData","isConnectionRuntimeParameter":false,"isObjectRuntimeParameter":false,"objectParameterName":"TargetObject"},"overriddenFields":[]}],"sequences":[],"inOutParameters":[],"connRuntimeAttrs":[]}]