[{"@type":"mappingTemplate","id":"@1","name":"m_bapi_get_customer_github","description":"","bundleVersion":"0","templateId":"@3","deployTime":1607699252000,"hasParameters":false,"valid":true,"fixedConnection":true,"hasParametersDeployed":false,"fixedConnectionDeployed":true,"tasks":1,"mappingPreviewFileRecordId":"@2","documentType":"","references":[{"@type":"reference","refObjectId":"@eH970cF24AUl2uKs3Pkzsj","refType":"connection"},{"@type":"reference","refObjectId":"@9kRECkWIOZ4ftv0Q6nNdMv","refType":"connection"},{"@type":"reference","refObjectId":"@2lzYLgzUVurlznMsDKNTuR","refType":"connection"},{"@type":"reference","refObjectId":"@7kSIRYn3G7SjIsURbg5AAz","refType":"customFunc"}]}]