[{"@type":"mtTask","id":"@1","name":"mct_fully_parameterized","description":"","runtimeEnvironmentId":"@dNpb73nwnSviW0E2kejSoi","maxLogs":10,"verbose":false,"mappingId":"@6eTqN6DXloUeLOWr5AC5Ql","shortDescription":"","sessionPropertiesList":[],"enableCrossSchemaPushdown":true,"enableParallelRun":false,"autoTunedApplied":false,"autoTunedAppliedType":"NONE","parameterFileName":"maif.prm","parameterFileDir":"/apps/infa/iics/apps/Data_Integration_Server/data/userparameters","paramFileType":"PARAM_FILE_LOCAL","parameterFileEncoding":"UTF-8","serverlessProperties":{},"parameters":[{"@type":"mtTaskParameter","id":9272240,"name":"$Source$","type":"EXTENDED_SOURCE","label":"p_src_conn","description":"","uiProperties":{"cnxtype":"Oracle","connectionParameterized":"true","logcnx":"p_src_conn","isMsrcFilterParameterized":"false","isMsrcSortParameterized":"false","objlabel":"p_src_dataobj","objectParameterized":"true","objDesc":""},"sourceConnectionId":"@5oDyd5CWt5xhWlhC5heHuB","newFlatFile":false,"newObject":false,"showBusinessNames":true,"naturalOrder":true,"truncateTarget":false,"bulkApiDBTarget":false,"customFuncCfg":{"@type":"customFuncConfig","id":-1,"connections":[],"inputMap":[],"outputFields":[]},"tgtFieldRefs":{},"targetUpdateColumns":[],"extendedObject":{"@type":"extendedObject","object":{"@type":"mObject","name":"EMPLOYEES","label":"EMPLOYEES","metadataUpdated":false,"relations":[],"children":[]},"filters":[],"sortFields":[]},"runtimeAttrs":{},"isRESTModernSource":true,"isFileList":false,"handleSpecialChars":false,"frsAsset":false,"dynamicFileName":false,"currentlyProcessedFileName":false,"tgtObjectAttributes":{},"runtimeParameterData":{"@type":"mtTaskRuntimeParameterData","isConnectionRuntimeParameter":true,"isObjectRuntimeParameter":true,"connectionParameterName":"p_src_conn","objectParameterName":"p_src_dataobj","objectDefaultValue":"EMPLOYEES"},"overriddenFields":[]},{"@type":"mtTaskParameter","id":9272241,"name":"$Target$","type":"TARGET","label":"p_tgt_conn","description":"","uiProperties":{"cnxtype":"Oracle","connectionParameterized":"true","logcnx":"p_tgt_conn","objlabel":"p_tgt_dataobj","objectParameterized":"true","objDesc":"","defaultTargetUpdateColumns":""},"targetConnectionId":"@16GJxrVZYgNbNGoH1aEo83","targetObject":"EMPLOYEES","targetObjectLabel":"EMPLOYEES","newFlatFile":false,"newObject":false,"showBusinessNames":true,"naturalOrder":true,"truncateTarget":false,"bulkApiDBTarget":false,"operationType":"Insert","customFuncCfg":{"@type":"customFuncConfig","id":-1,"connections":[],"inputMap":[],"outputFields":[]},"tgtFieldRefs":{},"targetUpdateColumns":[],"extendedObject":{"@type":"extendedObject","filters":[],"sortFields":[]},"runtimeAttrs":{},"isRESTModernSource":true,"isFileList":false,"handleSpecialChars":false,"frsAsset":false,"dynamicFileName":false,"currentlyProcessedFileName":false,"tgtObjectAttributes":{},"runtimeParameterData":{"@type":"mtTaskRuntimeParameterData","isConnectionRuntimeParameter":true,"isObjectRuntimeParameter":true,"connectionParameterName":"p_tgt_conn","objectParameterName":"p_tgt_dataobj","objectDefaultValue":"EMPLOYEES"},"overriddenFields":[]}],"sequences":[],"inOutParameters":[],"connRuntimeAttrs":[]}]