[{"@type":"mappingTemplate","id":"@1","name":"M_Parse_TV_Descriptions","description":"Parse TV Descriptions","bundleVersion":"0","templateId":"@3","deployTime":1606138040000,"hasParameters":false,"valid":true,"fixedConnection":true,"hasParametersDeployed":false,"fixedConnectionDeployed":true,"tasks":0,"mappingPreviewFileRecordId":"@2","documentType":"MAPPING","references":[{"@type":"reference","refObjectId":"@7j11XxDRck0fYGHapA6xmn","refType":"connection"},{"@type":"reference","refObjectId":"@24lbNweUvlLklsmYuRgtae","refType":"frsDocument"},{"@type":"reference","refObjectId":"@kOaahgK9mgaimsEvllqEWD","refType":"frsDocument"}]}]