[{"@type":"mappingTemplate","id":"@1","name":"m_param_iot_with_param","description":"JAK","bundleVersion":"0","templateId":"@3","deployTime":1581522227000,"hasParameters":true,"valid":true,"fixedConnection":true,"hasParametersDeployed":true,"fixedConnectionDeployed":true,"tasks":0,"mappingPreviewFileRecordId":"@2","documentType":"","references":[{"@type":"reference","refObjectId":"@0oxX4YSycPUkUhHq3yZeYB","refType":"connection"},{"@type":"reference","refObjectId":"@87UESIeD1gXckkVdt0lMOZ","refType":"connection"},{"@type":"reference","refObjectId":"@79KAOI2VvtmjpKTMpu24UB","refType":"structureDefinition"}]}]