[{"@type":"mappingTemplate","id":"@1","name":"m_EU_CUSTOMER_BAD_RECORDS","description":"Exception Routing to Bad Table","bundleVersion":"0","templateId":"@3","deployTime":1602669074000,"hasParameters":false,"valid":true,"fixedConnection":true,"hasParametersDeployed":false,"fixedConnectionDeployed":true,"tasks":1,"mappingPreviewFileRecordId":"@2","documentType":"","references":[{"@type":"reference","refObjectId":"@7j11XxDRck0fYGHapA6xmn","refType":"connection"},{"@type":"reference","refObjectId":"@0nDDnJ8k0mrhYKwKAjdPoM","refType":"mappletTemplate"},{"@type":"reference","refObjectId":"@eBnA2OtGI0ff8ykqF2wVw1","refType":"mappletTemplate"}]}]