[{"@type":"mappingTemplate","id":"@1","name":"M_Cleanse_DeDup_Customers","description":"Cleanse Addresses and DeDup Customers","bundleVersion":"0","templateId":"@3","deployTime":1602679022000,"hasParameters":false,"valid":true,"fixedConnection":true,"hasParametersDeployed":false,"fixedConnectionDeployed":true,"tasks":0,"mappingPreviewFileRecordId":"@2","documentType":"","references":[{"@type":"reference","refObjectId":"@7j11XxDRck0fYGHapA6xmn","refType":"connection"},{"@type":"reference","refObjectId":"@2fvpKSdmfzVi6y1h0VIf6x","refType":"frsDocument"},{"@type":"reference","refObjectId":"@evVFPdOllyikjhOAIYZUcg","refType":"frsDocument"}]}]