[{"@type":"mappingTemplate","id":"@1","name":"m_put_iot_file_for_consumption","description":"","bundleVersion":"0","templateId":"@3","deployTime":1581352889000,"hasParameters":false,"valid":true,"fixedConnection":true,"hasParametersDeployed":false,"fixedConnectionDeployed":true,"tasks":1,"mappingPreviewFileRecordId":"@2","documentType":"","references":[{"@type":"reference","refObjectId":"@33psHEO8YLLjM2z8vRoxIM","refType":"connection"},{"@type":"reference","refObjectId":"@0oxX4YSycPUkUhHq3yZeYB","refType":"connection"}]}]