[{"@type":"workflow","id":"@1","name":"LTF_INIT_CDQ_DEMO","maxLogs":10,"references":[{"@type":"reference","refObjectId":"@2xFeD4SVqE1gxVfpa5LoAy","refType":"dssTask"},{"@type":"reference","refObjectId":"@7adTRURYWmNllpmCW7etKo","refType":"dssTask"},{"@type":"reference","refObjectId":"@aaPlVsbCZq1cwZCdoOZrsr","refType":"dssTask"}],"tasks":[{"@type":"workflowTask","taskId":"@2xFeD4SVqE1gxVfpa5LoAy","type":"DSS","name":"ST_INIT_EU_CUSTOMER","stopOnError":true,"stopOnWarning":false},{"@type":"workflowTask","taskId":"@7adTRURYWmNllpmCW7etKo","type":"DSS","name":"ST_INIT_EU_CUSTOMER_BAD","stopOnError":true,"stopOnWarning":false},{"@type":"workflowTask","taskId":"@aaPlVsbCZq1cwZCdoOZrsr","type":"DSS","name":"ST_INIT_EU_CUSTOMER_CHK","stopOnError":true,"stopOnWarning":false}]}]