[{"@type":"dssTask","id":"@1","name":"ST_INIT_EU_CUSTOMER_CHK","description":"","maxLogs":10,"sourceConnectionId":"@7j11XxDRck0fYGHapA6xmn","targetConnectionId":"@7j11XxDRck0fYGHapA6xmn","targetObject":"EU_CUSTOMER_CHK","targetObjectLabel":"EU_CUSTOMER_CHK","operation":"Insert","maxRows":0,"truncateTarget":true,"bulkApiDBTarget":false,"verbose":false,"targetMetadataUpdated":false,"modelVersion":"V3-R600","queryAll":false,"srcSettings":{"@type":"taskDataSourceSetting","isShowLabels":false,"isNaturalOrder":true},"tgtSettings":{"@type":"taskDataSourceSetting","isShowLabels":false,"isNaturalOrder":true},"cfSettings":{"@type":"taskDataSourceSetting","isShowLabels":false,"isNaturalOrder":true},"bulkApi":false,"bulkApiSerialMode":false,"bulkApiMonitor":false,"isTargetObjectSfCustom":false,"allowNullUpdates":false,"targetBatchSize":200,"assignmentRuleId":"-1","assignmentRuleType":"None","createSuccessFile":false,"bulkApiHardDelete":false,"srcRuntimeAttrs":{"@type":"taskRuntimeAttrs","attrs":{}},"tgtRuntimeAttrs":{"@type":"taskRuntimeAttrs","attrs":{}},"parameterFileEncoding":"UTF-8","sourceObjects":[{"@type":"mObject","name":"EU_CUSTOMER_CHK","label":"EU_CUSTOMER_CHK","metadataUpdated":false,"relations":[],"children":[]}],"advancedFilters":[],"filters":[{"@type":"filter","objectName":"EU_CUSTOMER_CHK","objectLabel":"EU_CUSTOMER_CHK","field":"PARTY_ID","fieldLabel":"PARTY_ID","type":"STRING","operator":"isNull"}],"fieldMaps":[{"@type":"fieldMap","id":"2456173","targetField":{"@type":"field","id":9824021,"name":"RECORD_STATUS","type":"nvarchar","uniqueName":"RECORD_STATUS","label":"RECORD_STATUS","parentObject":"EU_CUSTOMER_CHK","pcType":"UNISTRING","precision":80,"scale":0,"columnIndex":0,"isKey":false,"isExternalId":false,"isSfIdLookup":false,"isNullable":true,"isUnique":false,"isCreateable":false,"isUpdateable":true,"isFilterable":true,"isCalculated":false,"showLabel":false,"naturalOrder":0,"linkedFields":["RECORD_STATUS"],"relatedInfos":[],"references":[]},"expression":"RECORD_STATUS"},{"@type":"fieldMap","id":"2456174","targetField":{"@type":"field","id":9824022,"name":"PARTY_ID","type":"nvarchar","uniqueName":"PARTY_ID","label":"PARTY_ID","parentObject":"EU_CUSTOMER_CHK","pcType":"UNISTRING","precision":40,"scale":0,"columnIndex":1,"isKey":false,"isExternalId":false,"isSfIdLookup":false,"isNullable":true,"isUnique":false,"isCreateable":false,"isUpdateable":true,"isFilterable":true,"isCalculated":false,"showLabel":false,"naturalOrder":1,"linkedFields":["PARTY_ID"],"relatedInfos":[],"references":[]},"expression":"PARTY_ID"},{"@type":"fieldMap","id":"2456175","targetField":{"@type":"field","id":9824023,"name":"COUNTRY","type":"nvarchar","uniqueName":"COUNTRY","label":"COUNTRY","parentObject":"EU_CUSTOMER_CHK","pcType":"UNISTRING","precision":80,"scale":0,"columnIndex":2,"isKey":false,"isExternalId":false,"isSfIdLookup":false,"isNullable":true,"isUnique":false,"isCreateable":false,"isUpdateable":true,"isFilterable":true,"isCalculated":false,"showLabel":false,"naturalOrder":2,"linkedFields":["COUNTRY"],"relatedInfos":[],"references":[]},"expression":"COUNTRY"},{"@type":"fieldMap","id":"2456176","targetField":{"@type":"field","id":9824024,"name":"COUNTRY_CHK_MSG","type":"nvarchar","uniqueName":"COUNTRY_CHK_MSG","label":"COUNTRY_CHK_MSG","parentObject":"EU_CUSTOMER_CHK","pcType":"UNISTRING","precision":510,"scale":0,"columnIndex":3,"isKey":false,"isExternalId":false,"isSfIdLookup":false,"isNullable":true,"isUnique":false,"isCreateable":false,"isUpdateable":true,"isFilterable":true,"isCalculated":false,"showLabel":false,"naturalOrder":3,"linkedFields":["COUNTRY_CHK_MSG"],"relatedInfos":[],"references":[]},"expression":"COUNTRY_CHK_MSG"},{"@type":"fieldMap","id":"2456177","targetField":{"@type":"field","id":9824025,"name":"CUSTOMERFULLNAME","type":"nvarchar","uniqueName":"CUSTOMERFULLNAME","label":"CUSTOMERFULLNAME","parentObject":"EU_CUSTOMER_CHK","pcType":"UNISTRING","precision":200,"scale":0,"columnIndex":4,"isKey":false,"isExternalId":false,"isSfIdLookup":false,"isNullable":true,"isUnique":false,"isCreateable":false,"isUpdateable":true,"isFilterable":true,"isCalculated":false,"showLabel":false,"naturalOrder":4,"linkedFields":["CUSTOMERFULLNAME"],"relatedInfos":[],"references":[]},"expression":"CUSTOMERFULLNAME"},{"@type":"fieldMap","id":"2456178","targetField":{"@type":"field","id":9824026,"name":"STATUS","type":"nvarchar","uniqueName":"STATUS","label":"STATUS","parentObject":"EU_CUSTOMER_CHK","pcType":"UNISTRING","precision":40,"scale":0,"columnIndex":5,"isKey":false,"isExternalId":false,"isSfIdLookup":false,"isNullable":true,"isUnique":false,"isCreateable":false,"isUpdateable":true,"isFilterable":true,"isCalculated":false,"showLabel":false,"naturalOrder":5,"linkedFields":["STATUS"],"relatedInfos":[],"references":[]},"expression":"STATUS"},{"@type":"fieldMap","id":"2456179","targetField":{"@type":"field","id":9824027,"name":"STATUS_CHK_MSG","type":"nvarchar","uniqueName":"STATUS_CHK_MSG","label":"STATUS_CHK_MSG","parentObject":"EU_CUSTOMER_CHK","pcType":"UNISTRING","precision":510,"scale":0,"columnIndex":6,"isKey":false,"isExternalId":false,"isSfIdLookup":false,"isNullable":true,"isUnique":false,"isCreateable":false,"isUpdateable":true,"isFilterable":true,"isCalculated":false,"showLabel":false,"naturalOrder":6,"linkedFields":["STATUS_CHK_MSG"],"relatedInfos":[],"references":[]},"expression":"STATUS_CHK_MSG"},{"@type":"fieldMap","id":"2456180","targetField":{"@type":"field","id":9824028,"name":"GENDER","type":"nvarchar","uniqueName":"GENDER","label":"GENDER","parentObject":"EU_CUSTOMER_CHK","pcType":"UNISTRING","precision":4,"scale":0,"columnIndex":7,"isKey":false,"isExternalId":false,"isSfIdLookup":false,"isNullable":true,"isUnique":false,"isCreateable":false,"isUpdateable":true,"isFilterable":true,"isCalculated":false,"showLabel":false,"naturalOrder":7,"linkedFields":["GENDER"],"relatedInfos":[],"references":[]},"expression":"GENDER"},{"@type":"fieldMap","id":"2456181","targetField":{"@type":"field","id":9824029,"name":"GENDER_CHK_MSG","type":"nvarchar","uniqueName":"GENDER_CHK_MSG","label":"GENDER_CHK_MSG","parentObject":"EU_CUSTOMER_CHK","pcType":"UNISTRING","precision":510,"scale":0,"columnIndex":8,"isKey":false,"isExternalId":false,"isSfIdLookup":false,"isNullable":true,"isUnique":false,"isCreateable":false,"isUpdateable":true,"isFilterable":true,"isCalculated":false,"showLabel":false,"naturalOrder":8,"linkedFields":["GENDER_CHK_MSG"],"relatedInfos":[],"references":[]},"expression":"GENDER_CHK_MSG"},{"@type":"fieldMap","id":"2456182","targetField":{"@type":"field","id":9824030,"name":"DOB","type":"nvarchar","uniqueName":"DOB","label":"DOB","parentObject":"EU_CUSTOMER_CHK","pcType":"UNISTRING","precision":40,"scale":0,"columnIndex":9,"isKey":false,"isExternalId":false,"isSfIdLookup":false,"isNullable":true,"isUnique":false,"isCreateable":false,"isUpdateable":true,"isFilterable":true,"isCalculated":false,"showLabel":false,"naturalOrder":9,"linkedFields":["DOB"],"relatedInfos":[],"references":[]},"expression":"DOB"},{"@type":"fieldMap","id":"2456183","targetField":{"@type":"field","id":9824031,"name":"DOB_CHK_MSG","type":"nvarchar","uniqueName":"DOB_CHK_MSG","label":"DOB_CHK_MSG","parentObject":"EU_CUSTOMER_CHK","pcType":"UNISTRING","precision":510,"scale":0,"columnIndex":10,"isKey":false,"isExternalId":false,"isSfIdLookup":false,"isNullable":true,"isUnique":false,"isCreateable":false,"isUpdateable":true,"isFilterable":true,"isCalculated":false,"showLabel":false,"naturalOrder":10,"linkedFields":["DOB_CHK_MSG"],"relatedInfos":[],"references":[]},"expression":"DOB_CHK_MSG"},{"@type":"fieldMap","id":"2456184","targetField":{"@type":"field","id":9824032,"name":"DECEASEDDATE","type":"nvarchar","uniqueName":"DECEASEDDATE","label":"DECEASEDDATE","parentObject":"EU_CUSTOMER_CHK","pcType":"UNISTRING","precision":40,"scale":0,"columnIndex":11,"isKey":false,"isExternalId":false,"isSfIdLookup":false,"isNullable":true,"isUnique":false,"isCreateable":false,"isUpdateable":true,"isFilterable":true,"isCalculated":false,"showLabel":false,"naturalOrder":11,"linkedFields":["DECEASEDDATE"],"relatedInfos":[],"references":[]},"expression":"DECEASEDDATE"},{"@type":"fieldMap","id":"2456185","targetField":{"@type":"field","id":9824033,"name":"NATIONALIDNUMBER","type":"nvarchar","uniqueName":"NATIONALIDNUMBER","label":"NATIONALIDNUMBER","parentObject":"EU_CUSTOMER_CHK","pcType":"UNISTRING","precision":52,"scale":0,"columnIndex":12,"isKey":false,"isExternalId":false,"isSfIdLookup":false,"isNullable":true,"isUnique":false,"isCreateable":false,"isUpdateable":true,"isFilterable":true,"isCalculated":false,"showLabel":false,"naturalOrder":12,"linkedFields":["NATIONALIDNUMBER"],"relatedInfos":[],"references":[]},"expression":"NATIONALIDNUMBER"},{"@type":"fieldMap","id":"2456186","targetField":{"@type":"field","id":9824034,"name":"CREDITCARDNUMBER","type":"nvarchar","uniqueName":"CREDITCARDNUMBER","label":"CREDITCARDNUMBER","parentObject":"EU_CUSTOMER_CHK","pcType":"UNISTRING","precision":80,"scale":0,"columnIndex":13,"isKey":false,"isExternalId":false,"isSfIdLookup":false,"isNullable":true,"isUnique":false,"isCreateable":false,"isUpdateable":true,"isFilterable":true,"isCalculated":false,"showLabel":false,"naturalOrder":13,"linkedFields":["CREDITCARDNUMBER"],"relatedInfos":[],"references":[]},"expression":"CREDITCARDNUMBER"},{"@type":"fieldMap","id":"2456187","targetField":{"@type":"field","id":9824035,"name":"PHONE","type":"nvarchar","uniqueName":"PHONE","label":"PHONE","parentObject":"EU_CUSTOMER_CHK","pcType":"UNISTRING","precision":88,"scale":0,"columnIndex":14,"isKey":false,"isExternalId":false,"isSfIdLookup":false,"isNullable":true,"isUnique":false,"isCreateable":false,"isUpdateable":true,"isFilterable":true,"isCalculated":false,"showLabel":false,"naturalOrder":14,"linkedFields":["PHONE"],"relatedInfos":[],"references":[]},"expression":"PHONE"},{"@type":"fieldMap","id":"2456188","targetField":{"@type":"field","id":9824036,"name":"TIER","type":"nvarchar","uniqueName":"TIER","label":"TIER","parentObject":"EU_CUSTOMER_CHK","pcType":"UNISTRING","precision":40,"scale":0,"columnIndex":15,"isKey":false,"isExternalId":false,"isSfIdLookup":false,"isNullable":true,"isUnique":false,"isCreateable":false,"isUpdateable":true,"isFilterable":true,"isCalculated":false,"showLabel":false,"naturalOrder":15,"linkedFields":["TIER"],"relatedInfos":[],"references":[]},"expression":"TIER"},{"@type":"fieldMap","id":"2456189","targetField":{"@type":"field","id":9824037,"name":"ADDRESS_1","type":"nvarchar","uniqueName":"ADDRESS_1","label":"ADDRESS_1","parentObject":"EU_CUSTOMER_CHK","pcType":"UNISTRING","precision":160,"scale":0,"columnIndex":16,"isKey":false,"isExternalId":false,"isSfIdLookup":false,"isNullable":true,"isUnique":false,"isCreateable":false,"isUpdateable":true,"isFilterable":true,"isCalculated":false,"showLabel":false,"naturalOrder":16,"linkedFields":["ADDRESS_1"],"relatedInfos":[],"references":[]},"expression":"ADDRESS_1"},{"@type":"fieldMap","id":"2456190","targetField":{"@type":"field","id":9824038,"name":"ADDRESS_2","type":"nvarchar","uniqueName":"ADDRESS_2","label":"ADDRESS_2","parentObject":"EU_CUSTOMER_CHK","pcType":"UNISTRING","precision":160,"scale":0,"columnIndex":17,"isKey":false,"isExternalId":false,"isSfIdLookup":false,"isNullable":true,"isUnique":false,"isCreateable":false,"isUpdateable":true,"isFilterable":true,"isCalculated":false,"showLabel":false,"naturalOrder":17,"linkedFields":["ADDRESS_2"],"relatedInfos":[],"references":[]},"expression":"ADDRESS_2"},{"@type":"fieldMap","id":"2456191","targetField":{"@type":"field","id":9824039,"name":"ADDRESS_3","type":"nvarchar","uniqueName":"ADDRESS_3","label":"ADDRESS_3","parentObject":"EU_CUSTOMER_CHK","pcType":"UNISTRING","precision":160,"scale":0,"columnIndex":18,"isKey":false,"isExternalId":false,"isSfIdLookup":false,"isNullable":true,"isUnique":false,"isCreateable":false,"isUpdateable":true,"isFilterable":true,"isCalculated":false,"showLabel":false,"naturalOrder":18,"linkedFields":["ADDRESS_3"],"relatedInfos":[],"references":[]},"expression":"ADDRESS_3"},{"@type":"fieldMap","id":"2456192","targetField":{"@type":"field","id":9824040,"name":"ADDRESS_4","type":"nvarchar","uniqueName":"ADDRESS_4","label":"ADDRESS_4","parentObject":"EU_CUSTOMER_CHK","pcType":"UNISTRING","precision":160,"scale":0,"columnIndex":19,"isKey":false,"isExternalId":false,"isSfIdLookup":false,"isNullable":true,"isUnique":false,"isCreateable":false,"isUpdateable":true,"isFilterable":true,"isCalculated":false,"showLabel":false,"naturalOrder":19,"linkedFields":["ADDRESS_4"],"relatedInfos":[],"references":[]},"expression":"ADDRESS_4"},{"@type":"fieldMap","id":"2456193","targetField":{"@type":"field","id":9824041,"name":"ADDRESS_5","type":"nvarchar","uniqueName":"ADDRESS_5","label":"ADDRESS_5","parentObject":"EU_CUSTOMER_CHK","pcType":"UNISTRING","precision":160,"scale":0,"columnIndex":20,"isKey":false,"isExternalId":false,"isSfIdLookup":false,"isNullable":true,"isUnique":false,"isCreateable":false,"isUpdateable":true,"isFilterable":true,"isCalculated":false,"showLabel":false,"naturalOrder":20,"linkedFields":["ADDRESS_5"],"relatedInfos":[],"references":[]},"expression":"ADDRESS_5"},{"@type":"fieldMap","id":"2456194","targetField":{"@type":"field","id":9824042,"name":"POSTCODE","type":"nvarchar","uniqueName":"POSTCODE","label":"POSTCODE","parentObject":"EU_CUSTOMER_CHK","pcType":"UNISTRING","precision":40,"scale":0,"columnIndex":21,"isKey":false,"isExternalId":false,"isSfIdLookup":false,"isNullable":true,"isUnique":false,"isCreateable":false,"isUpdateable":true,"isFilterable":true,"isCalculated":false,"showLabel":false,"naturalOrder":21,"linkedFields":["POSTCODE"],"relatedInfos":[],"references":[]},"expression":"POSTCODE"},{"@type":"fieldMap","id":"2456195","targetField":{"@type":"field","id":9824043,"name":"CITY","type":"nvarchar","uniqueName":"CITY","label":"CITY","parentObject":"EU_CUSTOMER_CHK","pcType":"UNISTRING","precision":120,"scale":0,"columnIndex":22,"isKey":false,"isExternalId":false,"isSfIdLookup":false,"isNullable":true,"isUnique":false,"isCreateable":false,"isUpdateable":true,"isFilterable":true,"isCalculated":false,"showLabel":false,"naturalOrder":22,"linkedFields":["CITY"],"relatedInfos":[],"references":[]},"expression":"CITY"},{"@type":"fieldMap","id":"2456196","targetField":{"@type":"field","id":9824044,"name":"LAST_UPDATE","type":"timestamp","uniqueName":"LAST_UPDATE","label":"LAST_UPDATE","parentObject":"EU_CUSTOMER_CHK","pcType":"DATE","precision":23,"scale":3,"columnIndex":23,"isKey":false,"isExternalId":false,"isSfIdLookup":false,"isNullable":true,"isUnique":false,"isCreateable":false,"isUpdateable":true,"isFilterable":true,"isCalculated":false,"showLabel":false,"naturalOrder":23,"linkedFields":["LAST_UPDATE"],"relatedInfos":[],"references":[]},"expression":"LAST_UPDATE"},{"@type":"fieldMap","id":"2456197","targetField":{"@type":"field","id":9824045,"name":"LOAD_DATE","type":"timestamp","uniqueName":"LOAD_DATE","label":"LOAD_DATE","parentObject":"EU_CUSTOMER_CHK","pcType":"DATE","precision":23,"scale":3,"columnIndex":24,"isKey":false,"isExternalId":false,"isSfIdLookup":false,"isNullable":true,"isUnique":false,"isCreateable":false,"isUpdateable":true,"isFilterable":true,"isCalculated":false,"showLabel":false,"naturalOrder":24,"linkedFields":["LOAD_DATE"],"relatedInfos":[],"references":[]},"expression":"LOAD_DATE"},{"@type":"fieldMap","id":"2456198","targetField":{"@type":"field","id":9824046,"name":"ADDRESS_VALIDATION","type":"nvarchar","uniqueName":"ADDRESS_VALIDATION","label":"ADDRESS_VALIDATION","parentObject":"EU_CUSTOMER_CHK","pcType":"UNISTRING","precision":40,"scale":0,"columnIndex":25,"isKey":false,"isExternalId":false,"isSfIdLookup":false,"isNullable":true,"isUnique":false,"isCreateable":false,"isUpdateable":true,"isFilterable":true,"isCalculated":false,"showLabel":false,"naturalOrder":25,"linkedFields":["ADDRESS_VALIDATION"],"relatedInfos":[],"references":[]},"expression":"ADDRESS_VALIDATION"}],"sourceFields":[{"@type":"field","id":9824047,"name":"RECORD_STATUS","type":"nvarchar","uniqueName":"RECORD_STATUS","label":"RECORD_STATUS","parentObject":"EU_CUSTOMER_CHK","pcType":"UNISTRING","precision":80,"scale":0,"columnIndex":0,"isKey":false,"isExternalId":false,"isSfIdLookup":false,"isNullable":true,"isUnique":false,"isCreateable":false,"isUpdateable":true,"isFilterable":true,"isCalculated":false,"showLabel":false,"naturalOrder":0,"linkedFields":["RECORD_STATUS"],"relatedInfos":[],"references":[]},{"@type":"field","id":9824048,"name":"PARTY_ID","type":"nvarchar","uniqueName":"PARTY_ID","label":"PARTY_ID","parentObject":"EU_CUSTOMER_CHK","pcType":"UNISTRING","precision":40,"scale":0,"columnIndex":1,"isKey":false,"isExternalId":false,"isSfIdLookup":false,"isNullable":true,"isUnique":false,"isCreateable":false,"isUpdateable":true,"isFilterable":true,"isCalculated":false,"showLabel":false,"naturalOrder":1,"linkedFields":["PARTY_ID"],"relatedInfos":[],"references":[]},{"@type":"field","id":9824049,"name":"COUNTRY","type":"nvarchar","uniqueName":"COUNTRY","label":"COUNTRY","parentObject":"EU_CUSTOMER_CHK","pcType":"UNISTRING","precision":80,"scale":0,"columnIndex":2,"isKey":false,"isExternalId":false,"isSfIdLookup":false,"isNullable":true,"isUnique":false,"isCreateable":false,"isUpdateable":true,"isFilterable":true,"isCalculated":false,"showLabel":false,"naturalOrder":2,"linkedFields":["COUNTRY"],"relatedInfos":[],"references":[]},{"@type":"field","id":9824050,"name":"COUNTRY_CHK_MSG","type":"nvarchar","uniqueName":"COUNTRY_CHK_MSG","label":"COUNTRY_CHK_MSG","parentObject":"EU_CUSTOMER_CHK","pcType":"UNISTRING","precision":510,"scale":0,"columnIndex":3,"isKey":false,"isExternalId":false,"isSfIdLookup":false,"isNullable":true,"isUnique":false,"isCreateable":false,"isUpdateable":true,"isFilterable":true,"isCalculated":false,"showLabel":false,"naturalOrder":3,"linkedFields":["COUNTRY_CHK_MSG"],"relatedInfos":[],"references":[]},{"@type":"field","id":9824051,"name":"CUSTOMERFULLNAME","type":"nvarchar","uniqueName":"CUSTOMERFULLNAME","label":"CUSTOMERFULLNAME","parentObject":"EU_CUSTOMER_CHK","pcType":"UNISTRING","precision":200,"scale":0,"columnIndex":4,"isKey":false,"isExternalId":false,"isSfIdLookup":false,"isNullable":true,"isUnique":false,"isCreateable":false,"isUpdateable":true,"isFilterable":true,"isCalculated":false,"showLabel":false,"naturalOrder":4,"linkedFields":["CUSTOMERFULLNAME"],"relatedInfos":[],"references":[]},{"@type":"field","id":9824052,"name":"STATUS","type":"nvarchar","uniqueName":"STATUS","label":"STATUS","parentObject":"EU_CUSTOMER_CHK","pcType":"UNISTRING","precision":40,"scale":0,"columnIndex":5,"isKey":false,"isExternalId":false,"isSfIdLookup":false,"isNullable":true,"isUnique":false,"isCreateable":false,"isUpdateable":true,"isFilterable":true,"isCalculated":false,"showLabel":false,"naturalOrder":5,"linkedFields":["STATUS"],"relatedInfos":[],"references":[]},{"@type":"field","id":9824053,"name":"STATUS_CHK_MSG","type":"nvarchar","uniqueName":"STATUS_CHK_MSG","label":"STATUS_CHK_MSG","parentObject":"EU_CUSTOMER_CHK","pcType":"UNISTRING","precision":510,"scale":0,"columnIndex":6,"isKey":false,"isExternalId":false,"isSfIdLookup":false,"isNullable":true,"isUnique":false,"isCreateable":false,"isUpdateable":true,"isFilterable":true,"isCalculated":false,"showLabel":false,"naturalOrder":6,"linkedFields":["STATUS_CHK_MSG"],"relatedInfos":[],"references":[]},{"@type":"field","id":9824054,"name":"GENDER","type":"nvarchar","uniqueName":"GENDER","label":"GENDER","parentObject":"EU_CUSTOMER_CHK","pcType":"UNISTRING","precision":4,"scale":0,"columnIndex":7,"isKey":false,"isExternalId":false,"isSfIdLookup":false,"isNullable":true,"isUnique":false,"isCreateable":false,"isUpdateable":true,"isFilterable":true,"isCalculated":false,"showLabel":false,"naturalOrder":7,"linkedFields":["GENDER"],"relatedInfos":[],"references":[]},{"@type":"field","id":9824055,"name":"GENDER_CHK_MSG","type":"nvarchar","uniqueName":"GENDER_CHK_MSG","label":"GENDER_CHK_MSG","parentObject":"EU_CUSTOMER_CHK","pcType":"UNISTRING","precision":510,"scale":0,"columnIndex":8,"isKey":false,"isExternalId":false,"isSfIdLookup":false,"isNullable":true,"isUnique":false,"isCreateable":false,"isUpdateable":true,"isFilterable":true,"isCalculated":false,"showLabel":false,"naturalOrder":8,"linkedFields":["GENDER_CHK_MSG"],"relatedInfos":[],"references":[]},{"@type":"field","id":9824056,"name":"DOB","type":"nvarchar","uniqueName":"DOB","label":"DOB","parentObject":"EU_CUSTOMER_CHK","pcType":"UNISTRING","precision":40,"scale":0,"columnIndex":9,"isKey":false,"isExternalId":false,"isSfIdLookup":false,"isNullable":true,"isUnique":false,"isCreateable":false,"isUpdateable":true,"isFilterable":true,"isCalculated":false,"showLabel":false,"naturalOrder":9,"linkedFields":["DOB"],"relatedInfos":[],"references":[]},{"@type":"field","id":9824057,"name":"DOB_CHK_MSG","type":"nvarchar","uniqueName":"DOB_CHK_MSG","label":"DOB_CHK_MSG","parentObject":"EU_CUSTOMER_CHK","pcType":"UNISTRING","precision":510,"scale":0,"columnIndex":10,"isKey":false,"isExternalId":false,"isSfIdLookup":false,"isNullable":true,"isUnique":false,"isCreateable":false,"isUpdateable":true,"isFilterable":true,"isCalculated":false,"showLabel":false,"naturalOrder":10,"linkedFields":["DOB_CHK_MSG"],"relatedInfos":[],"references":[]},{"@type":"field","id":9824058,"name":"DECEASEDDATE","type":"nvarchar","uniqueName":"DECEASEDDATE","label":"DECEASEDDATE","parentObject":"EU_CUSTOMER_CHK","pcType":"UNISTRING","precision":40,"scale":0,"columnIndex":11,"isKey":false,"isExternalId":false,"isSfIdLookup":false,"isNullable":true,"isUnique":false,"isCreateable":false,"isUpdateable":true,"isFilterable":true,"isCalculated":false,"showLabel":false,"naturalOrder":11,"linkedFields":["DECEASEDDATE"],"relatedInfos":[],"references":[]},{"@type":"field","id":9824059,"name":"NATIONALIDNUMBER","type":"nvarchar","uniqueName":"NATIONALIDNUMBER","label":"NATIONALIDNUMBER","parentObject":"EU_CUSTOMER_CHK","pcType":"UNISTRING","precision":52,"scale":0,"columnIndex":12,"isKey":false,"isExternalId":false,"isSfIdLookup":false,"isNullable":true,"isUnique":false,"isCreateable":false,"isUpdateable":true,"isFilterable":true,"isCalculated":false,"showLabel":false,"naturalOrder":12,"linkedFields":["NATIONALIDNUMBER"],"relatedInfos":[],"references":[]},{"@type":"field","id":9824060,"name":"CREDITCARDNUMBER","type":"nvarchar","uniqueName":"CREDITCARDNUMBER","label":"CREDITCARDNUMBER","parentObject":"EU_CUSTOMER_CHK","pcType":"UNISTRING","precision":80,"scale":0,"columnIndex":13,"isKey":false,"isExternalId":false,"isSfIdLookup":false,"isNullable":true,"isUnique":false,"isCreateable":false,"isUpdateable":true,"isFilterable":true,"isCalculated":false,"showLabel":false,"naturalOrder":13,"linkedFields":["CREDITCARDNUMBER"],"relatedInfos":[],"references":[]},{"@type":"field","id":9824061,"name":"PHONE","type":"nvarchar","uniqueName":"PHONE","label":"PHONE","parentObject":"EU_CUSTOMER_CHK","pcType":"UNISTRING","precision":88,"scale":0,"columnIndex":14,"isKey":false,"isExternalId":false,"isSfIdLookup":false,"isNullable":true,"isUnique":false,"isCreateable":false,"isUpdateable":true,"isFilterable":true,"isCalculated":false,"showLabel":false,"naturalOrder":14,"linkedFields":["PHONE"],"relatedInfos":[],"references":[]},{"@type":"field","id":9824062,"name":"TIER","type":"nvarchar","uniqueName":"TIER","label":"TIER","parentObject":"EU_CUSTOMER_CHK","pcType":"UNISTRING","precision":40,"scale":0,"columnIndex":15,"isKey":false,"isExternalId":false,"isSfIdLookup":false,"isNullable":true,"isUnique":false,"isCreateable":false,"isUpdateable":true,"isFilterable":true,"isCalculated":false,"showLabel":false,"naturalOrder":15,"linkedFields":["TIER"],"relatedInfos":[],"references":[]},{"@type":"field","id":9824063,"name":"ADDRESS_1","type":"nvarchar","uniqueName":"ADDRESS_1","label":"ADDRESS_1","parentObject":"EU_CUSTOMER_CHK","pcType":"UNISTRING","precision":160,"scale":0,"columnIndex":16,"isKey":false,"isExternalId":false,"isSfIdLookup":false,"isNullable":true,"isUnique":false,"isCreateable":false,"isUpdateable":true,"isFilterable":true,"isCalculated":false,"showLabel":false,"naturalOrder":16,"linkedFields":["ADDRESS_1"],"relatedInfos":[],"references":[]},{"@type":"field","id":9824064,"name":"ADDRESS_2","type":"nvarchar","uniqueName":"ADDRESS_2","label":"ADDRESS_2","parentObject":"EU_CUSTOMER_CHK","pcType":"UNISTRING","precision":160,"scale":0,"columnIndex":17,"isKey":false,"isExternalId":false,"isSfIdLookup":false,"isNullable":true,"isUnique":false,"isCreateable":false,"isUpdateable":true,"isFilterable":true,"isCalculated":false,"showLabel":false,"naturalOrder":17,"linkedFields":["ADDRESS_2"],"relatedInfos":[],"references":[]},{"@type":"field","id":9824065,"name":"ADDRESS_3","type":"nvarchar","uniqueName":"ADDRESS_3","label":"ADDRESS_3","parentObject":"EU_CUSTOMER_CHK","pcType":"UNISTRING","precision":160,"scale":0,"columnIndex":18,"isKey":false,"isExternalId":false,"isSfIdLookup":false,"isNullable":true,"isUnique":false,"isCreateable":false,"isUpdateable":true,"isFilterable":true,"isCalculated":false,"showLabel":false,"naturalOrder":18,"linkedFields":["ADDRESS_3"],"relatedInfos":[],"references":[]},{"@type":"field","id":9824066,"name":"ADDRESS_4","type":"nvarchar","uniqueName":"ADDRESS_4","label":"ADDRESS_4","parentObject":"EU_CUSTOMER_CHK","pcType":"UNISTRING","precision":160,"scale":0,"columnIndex":19,"isKey":false,"isExternalId":false,"isSfIdLookup":false,"isNullable":true,"isUnique":false,"isCreateable":false,"isUpdateable":true,"isFilterable":true,"isCalculated":false,"showLabel":false,"naturalOrder":19,"linkedFields":["ADDRESS_4"],"relatedInfos":[],"references":[]},{"@type":"field","id":9824067,"name":"ADDRESS_5","type":"nvarchar","uniqueName":"ADDRESS_5","label":"ADDRESS_5","parentObject":"EU_CUSTOMER_CHK","pcType":"UNISTRING","precision":160,"scale":0,"columnIndex":20,"isKey":false,"isExternalId":false,"isSfIdLookup":false,"isNullable":true,"isUnique":false,"isCreateable":false,"isUpdateable":true,"isFilterable":true,"isCalculated":false,"showLabel":false,"naturalOrder":20,"linkedFields":["ADDRESS_5"],"relatedInfos":[],"references":[]},{"@type":"field","id":9824068,"name":"POSTCODE","type":"nvarchar","uniqueName":"POSTCODE","label":"POSTCODE","parentObject":"EU_CUSTOMER_CHK","pcType":"UNISTRING","precision":40,"scale":0,"columnIndex":21,"isKey":false,"isExternalId":false,"isSfIdLookup":false,"isNullable":true,"isUnique":false,"isCreateable":false,"isUpdateable":true,"isFilterable":true,"isCalculated":false,"showLabel":false,"naturalOrder":21,"linkedFields":["POSTCODE"],"relatedInfos":[],"references":[]},{"@type":"field","id":9824069,"name":"CITY","type":"nvarchar","uniqueName":"CITY","label":"CITY","parentObject":"EU_CUSTOMER_CHK","pcType":"UNISTRING","precision":120,"scale":0,"columnIndex":22,"isKey":false,"isExternalId":false,"isSfIdLookup":false,"isNullable":true,"isUnique":false,"isCreateable":false,"isUpdateable":true,"isFilterable":true,"isCalculated":false,"showLabel":false,"naturalOrder":22,"linkedFields":["CITY"],"relatedInfos":[],"references":[]},{"@type":"field","id":9824070,"name":"LAST_UPDATE","type":"timestamp","uniqueName":"LAST_UPDATE","label":"LAST_UPDATE","parentObject":"EU_CUSTOMER_CHK","pcType":"DATE","precision":23,"scale":3,"columnIndex":23,"isKey":false,"isExternalId":false,"isSfIdLookup":false,"isNullable":true,"isUnique":false,"isCreateable":false,"isUpdateable":true,"isFilterable":true,"isCalculated":false,"showLabel":false,"naturalOrder":23,"linkedFields":["LAST_UPDATE"],"relatedInfos":[],"references":[]},{"@type":"field","id":9824071,"name":"LOAD_DATE","type":"timestamp","uniqueName":"LOAD_DATE","label":"LOAD_DATE","parentObject":"EU_CUSTOMER_CHK","pcType":"DATE","precision":23,"scale":3,"columnIndex":24,"isKey":false,"isExternalId":false,"isSfIdLookup":false,"isNullable":true,"isUnique":false,"isCreateable":false,"isUpdateable":true,"isFilterable":true,"isCalculated":false,"showLabel":false,"naturalOrder":24,"linkedFields":["LOAD_DATE"],"relatedInfos":[],"references":[]},{"@type":"field","id":9824072,"name":"ADDRESS_VALIDATION","type":"nvarchar","uniqueName":"ADDRESS_VALIDATION","label":"ADDRESS_VALIDATION","parentObject":"EU_CUSTOMER_CHK","pcType":"UNISTRING","precision":40,"scale":0,"columnIndex":25,"isKey":false,"isExternalId":false,"isSfIdLookup":false,"isNullable":true,"isUnique":false,"isCreateable":false,"isUpdateable":true,"isFilterable":true,"isCalculated":false,"showLabel":false,"naturalOrder":25,"linkedFields":["ADDRESS_VALIDATION"],"relatedInfos":[],"references":[]}],"sortFields":[],"groupFields":[]}]