[{"@type":"mtTask","id":"@1","name":"mct_uc2_1_sap_to_s3","description":"","runtimeEnvironmentId":"@9xH9pFY09YOjDxo3z5k50P","maxLogs":10,"verbose":false,"lastRunTime":1591093337000,"mappingId":"@iZIoIMLmTiZdZEKd43PB2y","shortDescription":"","sessionPropertiesList":[],"enableCrossSchemaPushdown":true,"enableParallelRun":false,"autoTunedApplied":false,"autoTunedAppliedType":"NONE","paramFileType":"PARAM_FILE_LOCAL","parameterFileEncoding":"UTF-8","serverlessProperties":{},"parameters":[{"@type":"mtTaskParameter","id":6490687,"name":"$src_sap_kna1$","type":"EXTENDED_SOURCE","label":"src_sap_kna1","uiProperties":{"connectionParameterized":"false","isMsrcFilterParameterized":"false","isMsrcSortParameterized":"false","objectParameterized":"false","visible":"false"},"sourceConnectionId":"@aTNOqTkTPXTe5bX4Uij4Uk","newFlatFile":false,"newObject":false,"showBusinessNames":false,"naturalOrder":true,"truncateTarget":false,"bulkApiDBTarget":false,"customFuncCfg":{"@type":"customFuncConfig","id":-1,"connections":[],"inputMap":[],"outputFields":[]},"tgtFieldRefs":{},"targetUpdateColumns":[],"extendedObject":{"@type":"extendedObject","object":{"@type":"mObject","name":"KNA1","label":"KNA1","metadataUpdated":false,"relations":[],"children":[]},"filters":[],"sortFields":[]},"runtimeAttrs":{},"isRESTModernSource":true,"isFileList":false,"handleSpecialChars":false,"frsAsset":false,"dynamicFileName":false,"currentlyProcessedFileName":false,"tgtObjectAttributes":{},"runtimeParameterData":{"@type":"mtTaskRuntimeParameterData","isConnectionRuntimeParameter":false,"isObjectRuntimeParameter":false},"overriddenFields":[]},{"@type":"mtTaskParameter","id":6490688,"name":"$tgt_s3_sap_customers$","type":"TARGET","label":"tgt_s3_sap_customers","uiProperties":{"connectionParameterized":"false","objectParameterized":"false","visible":"false","defaultTargetUpdateColumns":""},"targetConnectionId":"@6vVfydvTsRgepettkCLNqu","targetObject":"sap_cust.txt","targetObjectLabel":"sap_cust.txt","newFlatFile":false,"newObject":true,"showBusinessNames":false,"naturalOrder":true,"newObjectName":"sap_cust.txt","truncateTarget":false,"bulkApiDBTarget":false,"operationType":"Insert","customFuncCfg":{"@type":"customFuncConfig","id":-1,"connections":[],"inputMap":[],"outputFields":[]},"tgtFieldRefs":{},"targetUpdateColumns":[],"extendedObject":{"@type":"extendedObject","filters":[],"sortFields":[]},"runtimeAttrs":{},"isRESTModernSource":true,"isFileList":false,"handleSpecialChars":false,"frsAsset":false,"dynamicFileName":false,"currentlyProcessedFileName":false,"tgtObjectAttributes":{},"dataFormat":{"@type":"dataFormat","formatId":"Flat","schema":"","dataFormatAttributes":{"escapeChar":"\\","rowDelimiter":"","importColumnFromFirstLine":"true","headerLineNumber":"1","maxRowsToPreview":"0","distributionColumn":"","qualifierMode":"MINIMAL","firstDataRow":"2","generateHeader":"true","delimiter":",","qualifier":"\"","targetHeader":"With Header","escapeCharacterDataRetained":"false","codePage":"UTF-8"}},"runtimeParameterData":{"@type":"mtTaskRuntimeParameterData","isConnectionRuntimeParameter":false,"isObjectRuntimeParameter":false},"overriddenFields":[]}],"sequences":[],"inOutParameters":[],"connRuntimeAttrs":[]}]