[{"@type":"mappingTemplate","id":"@1","name":"Mapping6","description":"","bundleVersion":"0","templateId":"@3","deployTime":1600283749000,"hasParameters":false,"valid":true,"fixedConnection":true,"hasParametersDeployed":false,"fixedConnectionDeployed":true,"tasks":0,"mappingPreviewFileRecordId":"@2","documentType":"","references":[{"@type":"reference","refObjectId":"@h4uJvj2GzeZjaqs2KCaoAi","refType":"connection"},{"@type":"reference","refObjectId":"@0YoKo1UjZYWhucqwvgWbuK","refType":"connection"}]}]