[{"@type":"dssTask","id":"@1","name":"ST_INIT_EU_CUSTOMER","description":"","maxLogs":10,"sourceConnectionId":"@7j11XxDRck0fYGHapA6xmn","targetConnectionId":"@7j11XxDRck0fYGHapA6xmn","targetObject":"EU_CUSTOMER","targetObjectLabel":"EU_CUSTOMER","operation":"Insert","maxRows":0,"truncateTarget":true,"bulkApiDBTarget":false,"verbose":false,"targetMetadataUpdated":false,"modelVersion":"V3-R600","queryAll":false,"srcSettings":{"@type":"taskDataSourceSetting","isShowLabels":false,"isNaturalOrder":true},"tgtSettings":{"@type":"taskDataSourceSetting","isShowLabels":false,"isNaturalOrder":true},"cfSettings":{"@type":"taskDataSourceSetting","isShowLabels":false,"isNaturalOrder":true},"bulkApi":false,"bulkApiSerialMode":false,"bulkApiMonitor":false,"isTargetObjectSfCustom":false,"allowNullUpdates":false,"targetBatchSize":200,"assignmentRuleId":"-1","assignmentRuleType":"None","createSuccessFile":false,"bulkApiHardDelete":false,"srcRuntimeAttrs":{"@type":"taskRuntimeAttrs","attrs":{}},"tgtRuntimeAttrs":{"@type":"taskRuntimeAttrs","attrs":{}},"parameterFileEncoding":"UTF-8","sourceObjects":[{"@type":"mObject","name":"EU_CUSTOMER_INIT","label":"EU_CUSTOMER_INIT","metadataUpdated":false,"relations":[],"children":[]}],"advancedFilters":[],"filters":[],"fieldMaps":[{"@type":"fieldMap","id":"2456152","targetField":{"@type":"field","id":9823979,"name":"PARTY_ID","type":"nvarchar","uniqueName":"PARTY_ID","label":"PARTY_ID","parentObject":"EU_CUSTOMER","pcType":"UNISTRING","precision":40,"scale":0,"columnIndex":0,"isKey":false,"isExternalId":false,"isSfIdLookup":false,"isNullable":true,"isUnique":false,"isCreateable":false,"isUpdateable":true,"isFilterable":true,"isCalculated":false,"showLabel":false,"naturalOrder":0,"linkedFields":["PARTY_ID"],"relatedInfos":[],"references":[]},"expression":"PARTY_ID"},{"@type":"fieldMap","id":"2456153","targetField":{"@type":"field","id":9823980,"name":"COUNTRY","type":"nvarchar","uniqueName":"COUNTRY","label":"COUNTRY","parentObject":"EU_CUSTOMER","pcType":"UNISTRING","precision":80,"scale":0,"columnIndex":1,"isKey":false,"isExternalId":false,"isSfIdLookup":false,"isNullable":true,"isUnique":false,"isCreateable":false,"isUpdateable":true,"isFilterable":true,"isCalculated":false,"showLabel":false,"naturalOrder":1,"linkedFields":["COUNTRY"],"relatedInfos":[],"references":[]},"expression":"COUNTRY"},{"@type":"fieldMap","id":"2456154","targetField":{"@type":"field","id":9823981,"name":"CUSTOMERFULLNAME","type":"nvarchar","uniqueName":"CUSTOMERFULLNAME","label":"CUSTOMERFULLNAME","parentObject":"EU_CUSTOMER","pcType":"UNISTRING","precision":200,"scale":0,"columnIndex":2,"isKey":false,"isExternalId":false,"isSfIdLookup":false,"isNullable":true,"isUnique":false,"isCreateable":false,"isUpdateable":true,"isFilterable":true,"isCalculated":false,"showLabel":false,"naturalOrder":2,"linkedFields":["CUSTOMERFULLNAME"],"relatedInfos":[],"references":[]},"expression":"CUSTOMERFULLNAME"},{"@type":"fieldMap","id":"2456155","targetField":{"@type":"field","id":9823982,"name":"STATUS","type":"nvarchar","uniqueName":"STATUS","label":"STATUS","parentObject":"EU_CUSTOMER","pcType":"UNISTRING","precision":40,"scale":0,"columnIndex":3,"isKey":false,"isExternalId":false,"isSfIdLookup":false,"isNullable":true,"isUnique":false,"isCreateable":false,"isUpdateable":true,"isFilterable":true,"isCalculated":false,"showLabel":false,"naturalOrder":3,"linkedFields":["STATUS"],"relatedInfos":[],"references":[]},"expression":"STATUS"},{"@type":"fieldMap","id":"2456156","targetField":{"@type":"field","id":9823983,"name":"GENDER","type":"nvarchar","uniqueName":"GENDER","label":"GENDER","parentObject":"EU_CUSTOMER","pcType":"UNISTRING","precision":4,"scale":0,"columnIndex":4,"isKey":false,"isExternalId":false,"isSfIdLookup":false,"isNullable":true,"isUnique":false,"isCreateable":false,"isUpdateable":true,"isFilterable":true,"isCalculated":false,"showLabel":false,"naturalOrder":4,"linkedFields":["GENDER"],"relatedInfos":[],"references":[]},"expression":"GENDER"},{"@type":"fieldMap","id":"2456157","targetField":{"@type":"field","id":9823984,"name":"DOB","type":"nvarchar","uniqueName":"DOB","label":"DOB","parentObject":"EU_CUSTOMER","pcType":"UNISTRING","precision":40,"scale":0,"columnIndex":5,"isKey":false,"isExternalId":false,"isSfIdLookup":false,"isNullable":true,"isUnique":false,"isCreateable":false,"isUpdateable":true,"isFilterable":true,"isCalculated":false,"showLabel":false,"naturalOrder":5,"linkedFields":["DOB"],"relatedInfos":[],"references":[]},"expression":"DOB"},{"@type":"fieldMap","id":"2456158","targetField":{"@type":"field","id":9823985,"name":"DECEASEDDATE","type":"nvarchar","uniqueName":"DECEASEDDATE","label":"DECEASEDDATE","parentObject":"EU_CUSTOMER","pcType":"UNISTRING","precision":40,"scale":0,"columnIndex":6,"isKey":false,"isExternalId":false,"isSfIdLookup":false,"isNullable":true,"isUnique":false,"isCreateable":false,"isUpdateable":true,"isFilterable":true,"isCalculated":false,"showLabel":false,"naturalOrder":6,"linkedFields":["DECEASEDDATE"],"relatedInfos":[],"references":[]},"expression":"DECEASEDDATE"},{"@type":"fieldMap","id":"2456159","targetField":{"@type":"field","id":9823986,"name":"NATIONALIDNUMBER","type":"nvarchar","uniqueName":"NATIONALIDNUMBER","label":"NATIONALIDNUMBER","parentObject":"EU_CUSTOMER","pcType":"UNISTRING","precision":52,"scale":0,"columnIndex":7,"isKey":false,"isExternalId":false,"isSfIdLookup":false,"isNullable":true,"isUnique":false,"isCreateable":false,"isUpdateable":true,"isFilterable":true,"isCalculated":false,"showLabel":false,"naturalOrder":7,"linkedFields":["NATIONALIDNUMBER"],"relatedInfos":[],"references":[]},"expression":"NATIONALIDNUMBER"},{"@type":"fieldMap","id":"2456160","targetField":{"@type":"field","id":9823987,"name":"CREDITCARDNUMBER","type":"nvarchar","uniqueName":"CREDITCARDNUMBER","label":"CREDITCARDNUMBER","parentObject":"EU_CUSTOMER","pcType":"UNISTRING","precision":80,"scale":0,"columnIndex":8,"isKey":false,"isExternalId":false,"isSfIdLookup":false,"isNullable":true,"isUnique":false,"isCreateable":false,"isUpdateable":true,"isFilterable":true,"isCalculated":false,"showLabel":false,"naturalOrder":8,"linkedFields":["CREDITCARDNUMBER"],"relatedInfos":[],"references":[]},"expression":"CREDITCARDNUMBER"},{"@type":"fieldMap","id":"2456161","targetField":{"@type":"field","id":9823988,"name":"PHONE","type":"nvarchar","uniqueName":"PHONE","label":"PHONE","parentObject":"EU_CUSTOMER","pcType":"UNISTRING","precision":88,"scale":0,"columnIndex":9,"isKey":false,"isExternalId":false,"isSfIdLookup":false,"isNullable":true,"isUnique":false,"isCreateable":false,"isUpdateable":true,"isFilterable":true,"isCalculated":false,"showLabel":false,"naturalOrder":9,"linkedFields":["PHONE"],"relatedInfos":[],"references":[]},"expression":"PHONE"},{"@type":"fieldMap","id":"2456162","targetField":{"@type":"field","id":9823989,"name":"TIER","type":"nvarchar","uniqueName":"TIER","label":"TIER","parentObject":"EU_CUSTOMER","pcType":"UNISTRING","precision":40,"scale":0,"columnIndex":10,"isKey":false,"isExternalId":false,"isSfIdLookup":false,"isNullable":true,"isUnique":false,"isCreateable":false,"isUpdateable":true,"isFilterable":true,"isCalculated":false,"showLabel":false,"naturalOrder":10,"linkedFields":["TIER"],"relatedInfos":[],"references":[]},"expression":"TIER"},{"@type":"fieldMap","id":"2456163","targetField":{"@type":"field","id":9823990,"name":"ADDRESS_1","type":"nvarchar","uniqueName":"ADDRESS_1","label":"ADDRESS_1","parentObject":"EU_CUSTOMER","pcType":"UNISTRING","precision":160,"scale":0,"columnIndex":11,"isKey":false,"isExternalId":false,"isSfIdLookup":false,"isNullable":true,"isUnique":false,"isCreateable":false,"isUpdateable":true,"isFilterable":true,"isCalculated":false,"showLabel":false,"naturalOrder":11,"linkedFields":["ADDRESS_1"],"relatedInfos":[],"references":[]},"expression":"ADDRESS_1"},{"@type":"fieldMap","id":"2456164","targetField":{"@type":"field","id":9823991,"name":"ADDRESS_2","type":"nvarchar","uniqueName":"ADDRESS_2","label":"ADDRESS_2","parentObject":"EU_CUSTOMER","pcType":"UNISTRING","precision":160,"scale":0,"columnIndex":12,"isKey":false,"isExternalId":false,"isSfIdLookup":false,"isNullable":true,"isUnique":false,"isCreateable":false,"isUpdateable":true,"isFilterable":true,"isCalculated":false,"showLabel":false,"naturalOrder":12,"linkedFields":["ADDRESS_2"],"relatedInfos":[],"references":[]},"expression":"ADDRESS_2"},{"@type":"fieldMap","id":"2456165","targetField":{"@type":"field","id":9823992,"name":"ADDRESS_3","type":"nvarchar","uniqueName":"ADDRESS_3","label":"ADDRESS_3","parentObject":"EU_CUSTOMER","pcType":"UNISTRING","precision":160,"scale":0,"columnIndex":13,"isKey":false,"isExternalId":false,"isSfIdLookup":false,"isNullable":true,"isUnique":false,"isCreateable":false,"isUpdateable":true,"isFilterable":true,"isCalculated":false,"showLabel":false,"naturalOrder":13,"linkedFields":["ADDRESS_3"],"relatedInfos":[],"references":[]},"expression":"ADDRESS_3"},{"@type":"fieldMap","id":"2456166","targetField":{"@type":"field","id":9823993,"name":"ADDRESS_4","type":"nvarchar","uniqueName":"ADDRESS_4","label":"ADDRESS_4","parentObject":"EU_CUSTOMER","pcType":"UNISTRING","precision":160,"scale":0,"columnIndex":14,"isKey":false,"isExternalId":false,"isSfIdLookup":false,"isNullable":true,"isUnique":false,"isCreateable":false,"isUpdateable":true,"isFilterable":true,"isCalculated":false,"showLabel":false,"naturalOrder":14,"linkedFields":["ADDRESS_4"],"relatedInfos":[],"references":[]},"expression":"ADDRESS_4"},{"@type":"fieldMap","id":"2456167","targetField":{"@type":"field","id":9823994,"name":"ADDRESS_5","type":"nvarchar","uniqueName":"ADDRESS_5","label":"ADDRESS_5","parentObject":"EU_CUSTOMER","pcType":"UNISTRING","precision":160,"scale":0,"columnIndex":15,"isKey":false,"isExternalId":false,"isSfIdLookup":false,"isNullable":true,"isUnique":false,"isCreateable":false,"isUpdateable":true,"isFilterable":true,"isCalculated":false,"showLabel":false,"naturalOrder":15,"linkedFields":["ADDRESS_5"],"relatedInfos":[],"references":[]},"expression":"ADDRESS_5"},{"@type":"fieldMap","id":"2456168","targetField":{"@type":"field","id":9823995,"name":"POSTCODE","type":"nvarchar","uniqueName":"POSTCODE","label":"POSTCODE","parentObject":"EU_CUSTOMER","pcType":"UNISTRING","precision":40,"scale":0,"columnIndex":16,"isKey":false,"isExternalId":false,"isSfIdLookup":false,"isNullable":true,"isUnique":false,"isCreateable":false,"isUpdateable":true,"isFilterable":true,"isCalculated":false,"showLabel":false,"naturalOrder":16,"linkedFields":["POSTCODE"],"relatedInfos":[],"references":[]},"expression":"POSTCODE"},{"@type":"fieldMap","id":"2456169","targetField":{"@type":"field","id":9823996,"name":"CITY","type":"nvarchar","uniqueName":"CITY","label":"CITY","parentObject":"EU_CUSTOMER","pcType":"UNISTRING","precision":120,"scale":0,"columnIndex":17,"isKey":false,"isExternalId":false,"isSfIdLookup":false,"isNullable":true,"isUnique":false,"isCreateable":false,"isUpdateable":true,"isFilterable":true,"isCalculated":false,"showLabel":false,"naturalOrder":17,"linkedFields":["CITY"],"relatedInfos":[],"references":[]},"expression":"CITY"},{"@type":"fieldMap","id":"2456170","targetField":{"@type":"field","id":9823997,"name":"LAST_UPDATE","type":"timestamp","uniqueName":"LAST_UPDATE","label":"LAST_UPDATE","parentObject":"EU_CUSTOMER","pcType":"DATE","precision":23,"scale":3,"columnIndex":18,"isKey":false,"isExternalId":false,"isSfIdLookup":false,"isNullable":true,"isUnique":false,"isCreateable":false,"isUpdateable":true,"isFilterable":true,"isCalculated":false,"showLabel":false,"naturalOrder":18,"linkedFields":["LAST_UPDATE"],"relatedInfos":[],"references":[]},"expression":"LAST_UPDATE"},{"@type":"fieldMap","id":"2456171","targetField":{"@type":"field","id":9823998,"name":"LOAD_DATE","type":"timestamp","uniqueName":"LOAD_DATE","label":"LOAD_DATE","parentObject":"EU_CUSTOMER","pcType":"DATE","precision":23,"scale":3,"columnIndex":19,"isKey":false,"isExternalId":false,"isSfIdLookup":false,"isNullable":true,"isUnique":false,"isCreateable":false,"isUpdateable":true,"isFilterable":true,"isCalculated":false,"showLabel":false,"naturalOrder":19,"linkedFields":["LOAD_DATE"],"relatedInfos":[],"references":[]},"expression":"LOAD_DATE"},{"@type":"fieldMap","id":"2456172","targetField":{"@type":"field","id":9823999,"name":"ADDRESS_VALIDATION","type":"nvarchar","uniqueName":"ADDRESS_VALIDATION","label":"ADDRESS_VALIDATION","parentObject":"EU_CUSTOMER","pcType":"UNISTRING","precision":40,"scale":0,"columnIndex":20,"isKey":false,"isExternalId":false,"isSfIdLookup":false,"isNullable":true,"isUnique":false,"isCreateable":false,"isUpdateable":true,"isFilterable":true,"isCalculated":false,"showLabel":false,"naturalOrder":20,"linkedFields":["ADDRESS_VALIDATION"],"relatedInfos":[],"references":[]},"expression":"ADDRESS_VALIDATION"}],"sourceFields":[{"@type":"field","id":9824000,"name":"PARTY_ID","type":"nvarchar","uniqueName":"PARTY_ID","label":"PARTY_ID","parentObject":"EU_CUSTOMER_INIT","pcType":"UNISTRING","precision":40,"scale":0,"columnIndex":0,"isKey":false,"isExternalId":false,"isSfIdLookup":false,"isNullable":true,"isUnique":false,"isCreateable":false,"isUpdateable":true,"isFilterable":true,"isCalculated":false,"showLabel":false,"naturalOrder":0,"linkedFields":["PARTY_ID"],"relatedInfos":[],"references":[]},{"@type":"field","id":9824001,"name":"COUNTRY","type":"nvarchar","uniqueName":"COUNTRY","label":"COUNTRY","parentObject":"EU_CUSTOMER_INIT","pcType":"UNISTRING","precision":80,"scale":0,"columnIndex":1,"isKey":false,"isExternalId":false,"isSfIdLookup":false,"isNullable":true,"isUnique":false,"isCreateable":false,"isUpdateable":true,"isFilterable":true,"isCalculated":false,"showLabel":false,"naturalOrder":1,"linkedFields":["COUNTRY"],"relatedInfos":[],"references":[]},{"@type":"field","id":9824002,"name":"CUSTOMERFULLNAME","type":"nvarchar","uniqueName":"CUSTOMERFULLNAME","label":"CUSTOMERFULLNAME","parentObject":"EU_CUSTOMER_INIT","pcType":"UNISTRING","precision":200,"scale":0,"columnIndex":2,"isKey":false,"isExternalId":false,"isSfIdLookup":false,"isNullable":true,"isUnique":false,"isCreateable":false,"isUpdateable":true,"isFilterable":true,"isCalculated":false,"showLabel":false,"naturalOrder":2,"linkedFields":["CUSTOMERFULLNAME"],"relatedInfos":[],"references":[]},{"@type":"field","id":9824003,"name":"STATUS","type":"nvarchar","uniqueName":"STATUS","label":"STATUS","parentObject":"EU_CUSTOMER_INIT","pcType":"UNISTRING","precision":40,"scale":0,"columnIndex":3,"isKey":false,"isExternalId":false,"isSfIdLookup":false,"isNullable":true,"isUnique":false,"isCreateable":false,"isUpdateable":true,"isFilterable":true,"isCalculated":false,"showLabel":false,"naturalOrder":3,"linkedFields":["STATUS"],"relatedInfos":[],"references":[]},{"@type":"field","id":9824004,"name":"GENDER","type":"nvarchar","uniqueName":"GENDER","label":"GENDER","parentObject":"EU_CUSTOMER_INIT","pcType":"UNISTRING","precision":4,"scale":0,"columnIndex":4,"isKey":false,"isExternalId":false,"isSfIdLookup":false,"isNullable":true,"isUnique":false,"isCreateable":false,"isUpdateable":true,"isFilterable":true,"isCalculated":false,"showLabel":false,"naturalOrder":4,"linkedFields":["GENDER"],"relatedInfos":[],"references":[]},{"@type":"field","id":9824005,"name":"DOB","type":"nvarchar","uniqueName":"DOB","label":"DOB","parentObject":"EU_CUSTOMER_INIT","pcType":"UNISTRING","precision":40,"scale":0,"columnIndex":5,"isKey":false,"isExternalId":false,"isSfIdLookup":false,"isNullable":true,"isUnique":false,"isCreateable":false,"isUpdateable":true,"isFilterable":true,"isCalculated":false,"showLabel":false,"naturalOrder":5,"linkedFields":["DOB"],"relatedInfos":[],"references":[]},{"@type":"field","id":9824006,"name":"DECEASEDDATE","type":"nvarchar","uniqueName":"DECEASEDDATE","label":"DECEASEDDATE","parentObject":"EU_CUSTOMER_INIT","pcType":"UNISTRING","precision":40,"scale":0,"columnIndex":6,"isKey":false,"isExternalId":false,"isSfIdLookup":false,"isNullable":true,"isUnique":false,"isCreateable":false,"isUpdateable":true,"isFilterable":true,"isCalculated":false,"showLabel":false,"naturalOrder":6,"linkedFields":["DECEASEDDATE"],"relatedInfos":[],"references":[]},{"@type":"field","id":9824007,"name":"NATIONALIDNUMBER","type":"nvarchar","uniqueName":"NATIONALIDNUMBER","label":"NATIONALIDNUMBER","parentObject":"EU_CUSTOMER_INIT","pcType":"UNISTRING","precision":52,"scale":0,"columnIndex":7,"isKey":false,"isExternalId":false,"isSfIdLookup":false,"isNullable":true,"isUnique":false,"isCreateable":false,"isUpdateable":true,"isFilterable":true,"isCalculated":false,"showLabel":false,"naturalOrder":7,"linkedFields":["NATIONALIDNUMBER"],"relatedInfos":[],"references":[]},{"@type":"field","id":9824008,"name":"CREDITCARDNUMBER","type":"nvarchar","uniqueName":"CREDITCARDNUMBER","label":"CREDITCARDNUMBER","parentObject":"EU_CUSTOMER_INIT","pcType":"UNISTRING","precision":80,"scale":0,"columnIndex":8,"isKey":false,"isExternalId":false,"isSfIdLookup":false,"isNullable":true,"isUnique":false,"isCreateable":false,"isUpdateable":true,"isFilterable":true,"isCalculated":false,"showLabel":false,"naturalOrder":8,"linkedFields":["CREDITCARDNUMBER"],"relatedInfos":[],"references":[]},{"@type":"field","id":9824009,"name":"PHONE","type":"nvarchar","uniqueName":"PHONE","label":"PHONE","parentObject":"EU_CUSTOMER_INIT","pcType":"UNISTRING","precision":88,"scale":0,"columnIndex":9,"isKey":false,"isExternalId":false,"isSfIdLookup":false,"isNullable":true,"isUnique":false,"isCreateable":false,"isUpdateable":true,"isFilterable":true,"isCalculated":false,"showLabel":false,"naturalOrder":9,"linkedFields":["PHONE"],"relatedInfos":[],"references":[]},{"@type":"field","id":9824010,"name":"TIER","type":"nvarchar","uniqueName":"TIER","label":"TIER","parentObject":"EU_CUSTOMER_INIT","pcType":"UNISTRING","precision":40,"scale":0,"columnIndex":10,"isKey":false,"isExternalId":false,"isSfIdLookup":false,"isNullable":true,"isUnique":false,"isCreateable":false,"isUpdateable":true,"isFilterable":true,"isCalculated":false,"showLabel":false,"naturalOrder":10,"linkedFields":["TIER"],"relatedInfos":[],"references":[]},{"@type":"field","id":9824011,"name":"ADDRESS_1","type":"nvarchar","uniqueName":"ADDRESS_1","label":"ADDRESS_1","parentObject":"EU_CUSTOMER_INIT","pcType":"UNISTRING","precision":160,"scale":0,"columnIndex":11,"isKey":false,"isExternalId":false,"isSfIdLookup":false,"isNullable":true,"isUnique":false,"isCreateable":false,"isUpdateable":true,"isFilterable":true,"isCalculated":false,"showLabel":false,"naturalOrder":11,"linkedFields":["ADDRESS_1"],"relatedInfos":[],"references":[]},{"@type":"field","id":9824012,"name":"ADDRESS_2","type":"nvarchar","uniqueName":"ADDRESS_2","label":"ADDRESS_2","parentObject":"EU_CUSTOMER_INIT","pcType":"UNISTRING","precision":160,"scale":0,"columnIndex":12,"isKey":false,"isExternalId":false,"isSfIdLookup":false,"isNullable":true,"isUnique":false,"isCreateable":false,"isUpdateable":true,"isFilterable":true,"isCalculated":false,"showLabel":false,"naturalOrder":12,"linkedFields":["ADDRESS_2"],"relatedInfos":[],"references":[]},{"@type":"field","id":9824013,"name":"ADDRESS_3","type":"nvarchar","uniqueName":"ADDRESS_3","label":"ADDRESS_3","parentObject":"EU_CUSTOMER_INIT","pcType":"UNISTRING","precision":160,"scale":0,"columnIndex":13,"isKey":false,"isExternalId":false,"isSfIdLookup":false,"isNullable":true,"isUnique":false,"isCreateable":false,"isUpdateable":true,"isFilterable":true,"isCalculated":false,"showLabel":false,"naturalOrder":13,"linkedFields":["ADDRESS_3"],"relatedInfos":[],"references":[]},{"@type":"field","id":9824014,"name":"ADDRESS_4","type":"nvarchar","uniqueName":"ADDRESS_4","label":"ADDRESS_4","parentObject":"EU_CUSTOMER_INIT","pcType":"UNISTRING","precision":160,"scale":0,"columnIndex":14,"isKey":false,"isExternalId":false,"isSfIdLookup":false,"isNullable":true,"isUnique":false,"isCreateable":false,"isUpdateable":true,"isFilterable":true,"isCalculated":false,"showLabel":false,"naturalOrder":14,"linkedFields":["ADDRESS_4"],"relatedInfos":[],"references":[]},{"@type":"field","id":9824015,"name":"ADDRESS_5","type":"nvarchar","uniqueName":"ADDRESS_5","label":"ADDRESS_5","parentObject":"EU_CUSTOMER_INIT","pcType":"UNISTRING","precision":160,"scale":0,"columnIndex":15,"isKey":false,"isExternalId":false,"isSfIdLookup":false,"isNullable":true,"isUnique":false,"isCreateable":false,"isUpdateable":true,"isFilterable":true,"isCalculated":false,"showLabel":false,"naturalOrder":15,"linkedFields":["ADDRESS_5"],"relatedInfos":[],"references":[]},{"@type":"field","id":9824016,"name":"POSTCODE","type":"nvarchar","uniqueName":"POSTCODE","label":"POSTCODE","parentObject":"EU_CUSTOMER_INIT","pcType":"UNISTRING","precision":40,"scale":0,"columnIndex":16,"isKey":false,"isExternalId":false,"isSfIdLookup":false,"isNullable":true,"isUnique":false,"isCreateable":false,"isUpdateable":true,"isFilterable":true,"isCalculated":false,"showLabel":false,"naturalOrder":16,"linkedFields":["POSTCODE"],"relatedInfos":[],"references":[]},{"@type":"field","id":9824017,"name":"CITY","type":"nvarchar","uniqueName":"CITY","label":"CITY","parentObject":"EU_CUSTOMER_INIT","pcType":"UNISTRING","precision":120,"scale":0,"columnIndex":17,"isKey":false,"isExternalId":false,"isSfIdLookup":false,"isNullable":true,"isUnique":false,"isCreateable":false,"isUpdateable":true,"isFilterable":true,"isCalculated":false,"showLabel":false,"naturalOrder":17,"linkedFields":["CITY"],"relatedInfos":[],"references":[]},{"@type":"field","id":9824018,"name":"LAST_UPDATE","type":"timestamp","uniqueName":"LAST_UPDATE","label":"LAST_UPDATE","parentObject":"EU_CUSTOMER_INIT","pcType":"DATE","precision":23,"scale":3,"columnIndex":18,"isKey":false,"isExternalId":false,"isSfIdLookup":false,"isNullable":true,"isUnique":false,"isCreateable":false,"isUpdateable":true,"isFilterable":true,"isCalculated":false,"showLabel":false,"naturalOrder":18,"linkedFields":["LAST_UPDATE"],"relatedInfos":[],"references":[]},{"@type":"field","id":9824019,"name":"LOAD_DATE","type":"timestamp","uniqueName":"LOAD_DATE","label":"LOAD_DATE","parentObject":"EU_CUSTOMER_INIT","pcType":"DATE","precision":23,"scale":3,"columnIndex":19,"isKey":false,"isExternalId":false,"isSfIdLookup":false,"isNullable":true,"isUnique":false,"isCreateable":false,"isUpdateable":true,"isFilterable":true,"isCalculated":false,"showLabel":false,"naturalOrder":19,"linkedFields":["LOAD_DATE"],"relatedInfos":[],"references":[]},{"@type":"field","id":9824020,"name":"ADDRESS_VALIDATION","type":"nvarchar","uniqueName":"ADDRESS_VALIDATION","label":"ADDRESS_VALIDATION","parentObject":"EU_CUSTOMER_INIT","pcType":"UNISTRING","precision":40,"scale":0,"columnIndex":20,"isKey":false,"isExternalId":false,"isSfIdLookup":false,"isNullable":true,"isUnique":false,"isCreateable":false,"isUpdateable":true,"isFilterable":true,"isCalculated":false,"showLabel":false,"naturalOrder":20,"linkedFields":["ADDRESS_VALIDATION"],"relatedInfos":[],"references":[]}],"sortFields":[],"groupFields":[]}]