[{"@type":"mappingTemplate","id":"@1","name":"m_check_iot_records","description":"","bundleVersion":"0","templateId":"@3","deployTime":1581523073000,"hasParameters":false,"valid":true,"fixedConnection":true,"hasParametersDeployed":false,"fixedConnectionDeployed":true,"isSchemaValidationEnabled":false,"tasks":0,"mappingPreviewFileRecordId":"@2","documentType":"","references":[{"@type":"reference","refObjectId":"@87UESIeD1gXckkVdt0lMOZ","refType":"connection"},{"@type":"reference","refObjectId":"@2lzYLgzUVurlznMsDKNTuR","refType":"connection"}]}]