[{"@type":"mappingTemplate","id":"@1","name":"m_git_integration","description":"","bundleVersion":"0","templateId":"@3","deployTime":1607702390000,"hasParameters":false,"valid":true,"fixedConnection":true,"hasParametersDeployed":false,"fixedConnectionDeployed":true,"tasks":1,"mappingPreviewFileRecordId":"@2","documentType":"MAPPING","references":[{"@type":"reference","refObjectId":"@87UESIeD1gXckkVdt0lMOZ","refType":"connection"},{"@type":"reference","refObjectId":"@2lzYLgzUVurlznMsDKNTuR","refType":"connection"}]}]