[{"@type":"dssTask","id":"@1","name":"ST_INIT_EU_CUSTOMER_BAD","description":"","maxLogs":10,"sourceConnectionId":"@7j11XxDRck0fYGHapA6xmn","targetConnectionId":"@7j11XxDRck0fYGHapA6xmn","targetObject":"EU_CUSTOMER_BAD","targetObjectLabel":"EU_CUSTOMER_BAD","operation":"Insert","maxRows":0,"truncateTarget":true,"bulkApiDBTarget":false,"verbose":false,"targetMetadataUpdated":false,"modelVersion":"V3-R600","queryAll":false,"srcSettings":{"@type":"taskDataSourceSetting","isShowLabels":false,"isNaturalOrder":true},"tgtSettings":{"@type":"taskDataSourceSetting","isShowLabels":false,"isNaturalOrder":true},"cfSettings":{"@type":"taskDataSourceSetting","isShowLabels":false,"isNaturalOrder":true},"bulkApi":false,"bulkApiSerialMode":false,"bulkApiMonitor":false,"isTargetObjectSfCustom":false,"allowNullUpdates":false,"targetBatchSize":200,"assignmentRuleId":"-1","assignmentRuleType":"None","createSuccessFile":false,"bulkApiHardDelete":false,"srcRuntimeAttrs":{"@type":"taskRuntimeAttrs","attrs":{}},"tgtRuntimeAttrs":{"@type":"taskRuntimeAttrs","attrs":{}},"parameterFileEncoding":"UTF-8","sourceObjects":[{"@type":"mObject","name":"EU_CUSTOMER_BAD","label":"EU_CUSTOMER_BAD","metadataUpdated":false,"relations":[],"children":[]}],"advancedFilters":[],"filters":[{"@type":"filter","objectName":"EU_CUSTOMER_BAD","objectLabel":"EU_CUSTOMER_BAD","field":"PARTY_ID","fieldLabel":"PARTY_ID","type":"STRING","operator":"isNull"}],"fieldMaps":[{"@type":"fieldMap","id":"2456127","targetField":{"@type":"field","id":9823929,"name":"PARTY_ID","type":"nvarchar","uniqueName":"PARTY_ID","label":"PARTY_ID","parentObject":"EU_CUSTOMER_BAD","pcType":"UNISTRING","precision":40,"scale":0,"columnIndex":0,"isKey":false,"isExternalId":false,"isSfIdLookup":false,"isNullable":true,"isUnique":false,"isCreateable":false,"isUpdateable":true,"isFilterable":true,"isCalculated":false,"showLabel":false,"naturalOrder":0,"linkedFields":["PARTY_ID"],"relatedInfos":[],"references":[]},"expression":"PARTY_ID"},{"@type":"fieldMap","id":"2456128","targetField":{"@type":"field","id":9823930,"name":"COUNTRY","type":"nvarchar","uniqueName":"COUNTRY","label":"COUNTRY","parentObject":"EU_CUSTOMER_BAD","pcType":"UNISTRING","precision":80,"scale":0,"columnIndex":1,"isKey":false,"isExternalId":false,"isSfIdLookup":false,"isNullable":true,"isUnique":false,"isCreateable":false,"isUpdateable":true,"isFilterable":true,"isCalculated":false,"showLabel":false,"naturalOrder":1,"linkedFields":["COUNTRY"],"relatedInfos":[],"references":[]},"expression":"COUNTRY"},{"@type":"fieldMap","id":"2456129","targetField":{"@type":"field","id":9823931,"name":"COUNTRY_CHK_MSG","type":"nvarchar","uniqueName":"COUNTRY_CHK_MSG","label":"COUNTRY_CHK_MSG","parentObject":"EU_CUSTOMER_BAD","pcType":"UNISTRING","precision":510,"scale":0,"columnIndex":2,"isKey":false,"isExternalId":false,"isSfIdLookup":false,"isNullable":true,"isUnique":false,"isCreateable":false,"isUpdateable":true,"isFilterable":true,"isCalculated":false,"showLabel":false,"naturalOrder":2,"linkedFields":["COUNTRY_CHK_MSG"],"relatedInfos":[],"references":[]},"expression":"COUNTRY_CHK_MSG"},{"@type":"fieldMap","id":"2456130","targetField":{"@type":"field","id":9823932,"name":"CUSTOMERFULLNAME","type":"nvarchar","uniqueName":"CUSTOMERFULLNAME","label":"CUSTOMERFULLNAME","parentObject":"EU_CUSTOMER_BAD","pcType":"UNISTRING","precision":200,"scale":0,"columnIndex":3,"isKey":false,"isExternalId":false,"isSfIdLookup":false,"isNullable":true,"isUnique":false,"isCreateable":false,"isUpdateable":true,"isFilterable":true,"isCalculated":false,"showLabel":false,"naturalOrder":3,"linkedFields":["CUSTOMERFULLNAME"],"relatedInfos":[],"references":[]},"expression":"CUSTOMERFULLNAME"},{"@type":"fieldMap","id":"2456131","targetField":{"@type":"field","id":9823933,"name":"STATUS","type":"nvarchar","uniqueName":"STATUS","label":"STATUS","parentObject":"EU_CUSTOMER_BAD","pcType":"UNISTRING","precision":40,"scale":0,"columnIndex":4,"isKey":false,"isExternalId":false,"isSfIdLookup":false,"isNullable":true,"isUnique":false,"isCreateable":false,"isUpdateable":true,"isFilterable":true,"isCalculated":false,"showLabel":false,"naturalOrder":4,"linkedFields":["STATUS"],"relatedInfos":[],"references":[]},"expression":"STATUS"},{"@type":"fieldMap","id":"2456132","targetField":{"@type":"field","id":9823934,"name":"STATUS_CHK_MSG","type":"nvarchar","uniqueName":"STATUS_CHK_MSG","label":"STATUS_CHK_MSG","parentObject":"EU_CUSTOMER_BAD","pcType":"UNISTRING","precision":510,"scale":0,"columnIndex":5,"isKey":false,"isExternalId":false,"isSfIdLookup":false,"isNullable":true,"isUnique":false,"isCreateable":false,"isUpdateable":true,"isFilterable":true,"isCalculated":false,"showLabel":false,"naturalOrder":5,"linkedFields":["STATUS_CHK_MSG"],"relatedInfos":[],"references":[]},"expression":"STATUS_CHK_MSG"},{"@type":"fieldMap","id":"2456133","targetField":{"@type":"field","id":9823935,"name":"GENDER","type":"nvarchar","uniqueName":"GENDER","label":"GENDER","parentObject":"EU_CUSTOMER_BAD","pcType":"UNISTRING","precision":4,"scale":0,"columnIndex":6,"isKey":false,"isExternalId":false,"isSfIdLookup":false,"isNullable":true,"isUnique":false,"isCreateable":false,"isUpdateable":true,"isFilterable":true,"isCalculated":false,"showLabel":false,"naturalOrder":6,"linkedFields":["GENDER"],"relatedInfos":[],"references":[]},"expression":"GENDER"},{"@type":"fieldMap","id":"2456134","targetField":{"@type":"field","id":9823936,"name":"GENDER_CHK_MSG","type":"nvarchar","uniqueName":"GENDER_CHK_MSG","label":"GENDER_CHK_MSG","parentObject":"EU_CUSTOMER_BAD","pcType":"UNISTRING","precision":510,"scale":0,"columnIndex":7,"isKey":false,"isExternalId":false,"isSfIdLookup":false,"isNullable":true,"isUnique":false,"isCreateable":false,"isUpdateable":true,"isFilterable":true,"isCalculated":false,"showLabel":false,"naturalOrder":7,"linkedFields":["GENDER_CHK_MSG"],"relatedInfos":[],"references":[]},"expression":"GENDER_CHK_MSG"},{"@type":"fieldMap","id":"2456135","targetField":{"@type":"field","id":9823937,"name":"DOB","type":"nvarchar","uniqueName":"DOB","label":"DOB","parentObject":"EU_CUSTOMER_BAD","pcType":"UNISTRING","precision":40,"scale":0,"columnIndex":8,"isKey":false,"isExternalId":false,"isSfIdLookup":false,"isNullable":true,"isUnique":false,"isCreateable":false,"isUpdateable":true,"isFilterable":true,"isCalculated":false,"showLabel":false,"naturalOrder":8,"linkedFields":["DOB"],"relatedInfos":[],"references":[]},"expression":"DOB"},{"@type":"fieldMap","id":"2456136","targetField":{"@type":"field","id":9823938,"name":"DOB_CHK_MSG","type":"nvarchar","uniqueName":"DOB_CHK_MSG","label":"DOB_CHK_MSG","parentObject":"EU_CUSTOMER_BAD","pcType":"UNISTRING","precision":510,"scale":0,"columnIndex":9,"isKey":false,"isExternalId":false,"isSfIdLookup":false,"isNullable":true,"isUnique":false,"isCreateable":false,"isUpdateable":true,"isFilterable":true,"isCalculated":false,"showLabel":false,"naturalOrder":9,"linkedFields":["DOB_CHK_MSG"],"relatedInfos":[],"references":[]},"expression":"DOB_CHK_MSG"},{"@type":"fieldMap","id":"2456137","targetField":{"@type":"field","id":9823939,"name":"DECEASEDDATE","type":"nvarchar","uniqueName":"DECEASEDDATE","label":"DECEASEDDATE","parentObject":"EU_CUSTOMER_BAD","pcType":"UNISTRING","precision":40,"scale":0,"columnIndex":10,"isKey":false,"isExternalId":false,"isSfIdLookup":false,"isNullable":true,"isUnique":false,"isCreateable":false,"isUpdateable":true,"isFilterable":true,"isCalculated":false,"showLabel":false,"naturalOrder":10,"linkedFields":["DECEASEDDATE"],"relatedInfos":[],"references":[]},"expression":"DECEASEDDATE"},{"@type":"fieldMap","id":"2456138","targetField":{"@type":"field","id":9823940,"name":"NATIONALIDNUMBER","type":"nvarchar","uniqueName":"NATIONALIDNUMBER","label":"NATIONALIDNUMBER","parentObject":"EU_CUSTOMER_BAD","pcType":"UNISTRING","precision":52,"scale":0,"columnIndex":11,"isKey":false,"isExternalId":false,"isSfIdLookup":false,"isNullable":true,"isUnique":false,"isCreateable":false,"isUpdateable":true,"isFilterable":true,"isCalculated":false,"showLabel":false,"naturalOrder":11,"linkedFields":["NATIONALIDNUMBER"],"relatedInfos":[],"references":[]},"expression":"NATIONALIDNUMBER"},{"@type":"fieldMap","id":"2456139","targetField":{"@type":"field","id":9823941,"name":"CREDITCARDNUMBER","type":"nvarchar","uniqueName":"CREDITCARDNUMBER","label":"CREDITCARDNUMBER","parentObject":"EU_CUSTOMER_BAD","pcType":"UNISTRING","precision":80,"scale":0,"columnIndex":12,"isKey":false,"isExternalId":false,"isSfIdLookup":false,"isNullable":true,"isUnique":false,"isCreateable":false,"isUpdateable":true,"isFilterable":true,"isCalculated":false,"showLabel":false,"naturalOrder":12,"linkedFields":["CREDITCARDNUMBER"],"relatedInfos":[],"references":[]},"expression":"CREDITCARDNUMBER"},{"@type":"fieldMap","id":"2456140","targetField":{"@type":"field","id":9823942,"name":"PHONE","type":"nvarchar","uniqueName":"PHONE","label":"PHONE","parentObject":"EU_CUSTOMER_BAD","pcType":"UNISTRING","precision":88,"scale":0,"columnIndex":13,"isKey":false,"isExternalId":false,"isSfIdLookup":false,"isNullable":true,"isUnique":false,"isCreateable":false,"isUpdateable":true,"isFilterable":true,"isCalculated":false,"showLabel":false,"naturalOrder":13,"linkedFields":["PHONE"],"relatedInfos":[],"references":[]},"expression":"PHONE"},{"@type":"fieldMap","id":"2456141","targetField":{"@type":"field","id":9823943,"name":"TIER","type":"nvarchar","uniqueName":"TIER","label":"TIER","parentObject":"EU_CUSTOMER_BAD","pcType":"UNISTRING","precision":40,"scale":0,"columnIndex":14,"isKey":false,"isExternalId":false,"isSfIdLookup":false,"isNullable":true,"isUnique":false,"isCreateable":false,"isUpdateable":true,"isFilterable":true,"isCalculated":false,"showLabel":false,"naturalOrder":14,"linkedFields":["TIER"],"relatedInfos":[],"references":[]},"expression":"TIER"},{"@type":"fieldMap","id":"2456142","targetField":{"@type":"field","id":9823944,"name":"ADDRESS_1","type":"nvarchar","uniqueName":"ADDRESS_1","label":"ADDRESS_1","parentObject":"EU_CUSTOMER_BAD","pcType":"UNISTRING","precision":160,"scale":0,"columnIndex":15,"isKey":false,"isExternalId":false,"isSfIdLookup":false,"isNullable":true,"isUnique":false,"isCreateable":false,"isUpdateable":true,"isFilterable":true,"isCalculated":false,"showLabel":false,"naturalOrder":15,"linkedFields":["ADDRESS_1"],"relatedInfos":[],"references":[]},"expression":"ADDRESS_1"},{"@type":"fieldMap","id":"2456143","targetField":{"@type":"field","id":9823945,"name":"ADDRESS_2","type":"nvarchar","uniqueName":"ADDRESS_2","label":"ADDRESS_2","parentObject":"EU_CUSTOMER_BAD","pcType":"UNISTRING","precision":160,"scale":0,"columnIndex":16,"isKey":false,"isExternalId":false,"isSfIdLookup":false,"isNullable":true,"isUnique":false,"isCreateable":false,"isUpdateable":true,"isFilterable":true,"isCalculated":false,"showLabel":false,"naturalOrder":16,"linkedFields":["ADDRESS_2"],"relatedInfos":[],"references":[]},"expression":"ADDRESS_2"},{"@type":"fieldMap","id":"2456144","targetField":{"@type":"field","id":9823946,"name":"ADDRESS_3","type":"nvarchar","uniqueName":"ADDRESS_3","label":"ADDRESS_3","parentObject":"EU_CUSTOMER_BAD","pcType":"UNISTRING","precision":160,"scale":0,"columnIndex":17,"isKey":false,"isExternalId":false,"isSfIdLookup":false,"isNullable":true,"isUnique":false,"isCreateable":false,"isUpdateable":true,"isFilterable":true,"isCalculated":false,"showLabel":false,"naturalOrder":17,"linkedFields":["ADDRESS_3"],"relatedInfos":[],"references":[]},"expression":"ADDRESS_3"},{"@type":"fieldMap","id":"2456145","targetField":{"@type":"field","id":9823947,"name":"ADDRESS_4","type":"nvarchar","uniqueName":"ADDRESS_4","label":"ADDRESS_4","parentObject":"EU_CUSTOMER_BAD","pcType":"UNISTRING","precision":160,"scale":0,"columnIndex":18,"isKey":false,"isExternalId":false,"isSfIdLookup":false,"isNullable":true,"isUnique":false,"isCreateable":false,"isUpdateable":true,"isFilterable":true,"isCalculated":false,"showLabel":false,"naturalOrder":18,"linkedFields":["ADDRESS_4"],"relatedInfos":[],"references":[]},"expression":"ADDRESS_4"},{"@type":"fieldMap","id":"2456146","targetField":{"@type":"field","id":9823948,"name":"ADDRESS_5","type":"nvarchar","uniqueName":"ADDRESS_5","label":"ADDRESS_5","parentObject":"EU_CUSTOMER_BAD","pcType":"UNISTRING","precision":160,"scale":0,"columnIndex":19,"isKey":false,"isExternalId":false,"isSfIdLookup":false,"isNullable":true,"isUnique":false,"isCreateable":false,"isUpdateable":true,"isFilterable":true,"isCalculated":false,"showLabel":false,"naturalOrder":19,"linkedFields":["ADDRESS_5"],"relatedInfos":[],"references":[]},"expression":"ADDRESS_5"},{"@type":"fieldMap","id":"2456147","targetField":{"@type":"field","id":9823949,"name":"POSTCODE","type":"nvarchar","uniqueName":"POSTCODE","label":"POSTCODE","parentObject":"EU_CUSTOMER_BAD","pcType":"UNISTRING","precision":40,"scale":0,"columnIndex":20,"isKey":false,"isExternalId":false,"isSfIdLookup":false,"isNullable":true,"isUnique":false,"isCreateable":false,"isUpdateable":true,"isFilterable":true,"isCalculated":false,"showLabel":false,"naturalOrder":20,"linkedFields":["POSTCODE"],"relatedInfos":[],"references":[]},"expression":"POSTCODE"},{"@type":"fieldMap","id":"2456148","targetField":{"@type":"field","id":9823950,"name":"CITY","type":"nvarchar","uniqueName":"CITY","label":"CITY","parentObject":"EU_CUSTOMER_BAD","pcType":"UNISTRING","precision":120,"scale":0,"columnIndex":21,"isKey":false,"isExternalId":false,"isSfIdLookup":false,"isNullable":true,"isUnique":false,"isCreateable":false,"isUpdateable":true,"isFilterable":true,"isCalculated":false,"showLabel":false,"naturalOrder":21,"linkedFields":["CITY"],"relatedInfos":[],"references":[]},"expression":"CITY"},{"@type":"fieldMap","id":"2456149","targetField":{"@type":"field","id":9823951,"name":"LAST_UPDATE","type":"timestamp","uniqueName":"LAST_UPDATE","label":"LAST_UPDATE","parentObject":"EU_CUSTOMER_BAD","pcType":"DATE","precision":23,"scale":3,"columnIndex":22,"isKey":false,"isExternalId":false,"isSfIdLookup":false,"isNullable":true,"isUnique":false,"isCreateable":false,"isUpdateable":true,"isFilterable":true,"isCalculated":false,"showLabel":false,"naturalOrder":22,"linkedFields":["LAST_UPDATE"],"relatedInfos":[],"references":[]},"expression":"LAST_UPDATE"},{"@type":"fieldMap","id":"2456150","targetField":{"@type":"field","id":9823952,"name":"LOAD_DATE","type":"timestamp","uniqueName":"LOAD_DATE","label":"LOAD_DATE","parentObject":"EU_CUSTOMER_BAD","pcType":"DATE","precision":23,"scale":3,"columnIndex":23,"isKey":false,"isExternalId":false,"isSfIdLookup":false,"isNullable":true,"isUnique":false,"isCreateable":false,"isUpdateable":true,"isFilterable":true,"isCalculated":false,"showLabel":false,"naturalOrder":23,"linkedFields":["LOAD_DATE"],"relatedInfos":[],"references":[]},"expression":"LOAD_DATE"},{"@type":"fieldMap","id":"2456151","targetField":{"@type":"field","id":9823953,"name":"ADDRESS_VALIDATION","type":"nvarchar","uniqueName":"ADDRESS_VALIDATION","label":"ADDRESS_VALIDATION","parentObject":"EU_CUSTOMER_BAD","pcType":"UNISTRING","precision":40,"scale":0,"columnIndex":24,"isKey":false,"isExternalId":false,"isSfIdLookup":false,"isNullable":true,"isUnique":false,"isCreateable":false,"isUpdateable":true,"isFilterable":true,"isCalculated":false,"showLabel":false,"naturalOrder":24,"linkedFields":["ADDRESS_VALIDATION"],"relatedInfos":[],"references":[]},"expression":"ADDRESS_VALIDATION"}],"sourceFields":[{"@type":"field","id":9823954,"name":"PARTY_ID","type":"nvarchar","uniqueName":"PARTY_ID","label":"PARTY_ID","parentObject":"EU_CUSTOMER_BAD","pcType":"UNISTRING","precision":40,"scale":0,"columnIndex":0,"isKey":false,"isExternalId":false,"isSfIdLookup":false,"isNullable":true,"isUnique":false,"isCreateable":false,"isUpdateable":true,"isFilterable":true,"isCalculated":false,"showLabel":false,"naturalOrder":0,"linkedFields":["PARTY_ID"],"relatedInfos":[],"references":[]},{"@type":"field","id":9823955,"name":"COUNTRY","type":"nvarchar","uniqueName":"COUNTRY","label":"COUNTRY","parentObject":"EU_CUSTOMER_BAD","pcType":"UNISTRING","precision":80,"scale":0,"columnIndex":1,"isKey":false,"isExternalId":false,"isSfIdLookup":false,"isNullable":true,"isUnique":false,"isCreateable":false,"isUpdateable":true,"isFilterable":true,"isCalculated":false,"showLabel":false,"naturalOrder":1,"linkedFields":["COUNTRY"],"relatedInfos":[],"references":[]},{"@type":"field","id":9823956,"name":"COUNTRY_CHK_MSG","type":"nvarchar","uniqueName":"COUNTRY_CHK_MSG","label":"COUNTRY_CHK_MSG","parentObject":"EU_CUSTOMER_BAD","pcType":"UNISTRING","precision":510,"scale":0,"columnIndex":2,"isKey":false,"isExternalId":false,"isSfIdLookup":false,"isNullable":true,"isUnique":false,"isCreateable":false,"isUpdateable":true,"isFilterable":true,"isCalculated":false,"showLabel":false,"naturalOrder":2,"linkedFields":["COUNTRY_CHK_MSG"],"relatedInfos":[],"references":[]},{"@type":"field","id":9823957,"name":"CUSTOMERFULLNAME","type":"nvarchar","uniqueName":"CUSTOMERFULLNAME","label":"CUSTOMERFULLNAME","parentObject":"EU_CUSTOMER_BAD","pcType":"UNISTRING","precision":200,"scale":0,"columnIndex":3,"isKey":false,"isExternalId":false,"isSfIdLookup":false,"isNullable":true,"isUnique":false,"isCreateable":false,"isUpdateable":true,"isFilterable":true,"isCalculated":false,"showLabel":false,"naturalOrder":3,"linkedFields":["CUSTOMERFULLNAME"],"relatedInfos":[],"references":[]},{"@type":"field","id":9823958,"name":"STATUS","type":"nvarchar","uniqueName":"STATUS","label":"STATUS","parentObject":"EU_CUSTOMER_BAD","pcType":"UNISTRING","precision":40,"scale":0,"columnIndex":4,"isKey":false,"isExternalId":false,"isSfIdLookup":false,"isNullable":true,"isUnique":false,"isCreateable":false,"isUpdateable":true,"isFilterable":true,"isCalculated":false,"showLabel":false,"naturalOrder":4,"linkedFields":["STATUS"],"relatedInfos":[],"references":[]},{"@type":"field","id":9823959,"name":"STATUS_CHK_MSG","type":"nvarchar","uniqueName":"STATUS_CHK_MSG","label":"STATUS_CHK_MSG","parentObject":"EU_CUSTOMER_BAD","pcType":"UNISTRING","precision":510,"scale":0,"columnIndex":5,"isKey":false,"isExternalId":false,"isSfIdLookup":false,"isNullable":true,"isUnique":false,"isCreateable":false,"isUpdateable":true,"isFilterable":true,"isCalculated":false,"showLabel":false,"naturalOrder":5,"linkedFields":["STATUS_CHK_MSG"],"relatedInfos":[],"references":[]},{"@type":"field","id":9823960,"name":"GENDER","type":"nvarchar","uniqueName":"GENDER","label":"GENDER","parentObject":"EU_CUSTOMER_BAD","pcType":"UNISTRING","precision":4,"scale":0,"columnIndex":6,"isKey":false,"isExternalId":false,"isSfIdLookup":false,"isNullable":true,"isUnique":false,"isCreateable":false,"isUpdateable":true,"isFilterable":true,"isCalculated":false,"showLabel":false,"naturalOrder":6,"linkedFields":["GENDER"],"relatedInfos":[],"references":[]},{"@type":"field","id":9823961,"name":"GENDER_CHK_MSG","type":"nvarchar","uniqueName":"GENDER_CHK_MSG","label":"GENDER_CHK_MSG","parentObject":"EU_CUSTOMER_BAD","pcType":"UNISTRING","precision":510,"scale":0,"columnIndex":7,"isKey":false,"isExternalId":false,"isSfIdLookup":false,"isNullable":true,"isUnique":false,"isCreateable":false,"isUpdateable":true,"isFilterable":true,"isCalculated":false,"showLabel":false,"naturalOrder":7,"linkedFields":["GENDER_CHK_MSG"],"relatedInfos":[],"references":[]},{"@type":"field","id":9823962,"name":"DOB","type":"nvarchar","uniqueName":"DOB","label":"DOB","parentObject":"EU_CUSTOMER_BAD","pcType":"UNISTRING","precision":40,"scale":0,"columnIndex":8,"isKey":false,"isExternalId":false,"isSfIdLookup":false,"isNullable":true,"isUnique":false,"isCreateable":false,"isUpdateable":true,"isFilterable":true,"isCalculated":false,"showLabel":false,"naturalOrder":8,"linkedFields":["DOB"],"relatedInfos":[],"references":[]},{"@type":"field","id":9823963,"name":"DOB_CHK_MSG","type":"nvarchar","uniqueName":"DOB_CHK_MSG","label":"DOB_CHK_MSG","parentObject":"EU_CUSTOMER_BAD","pcType":"UNISTRING","precision":510,"scale":0,"columnIndex":9,"isKey":false,"isExternalId":false,"isSfIdLookup":false,"isNullable":true,"isUnique":false,"isCreateable":false,"isUpdateable":true,"isFilterable":true,"isCalculated":false,"showLabel":false,"naturalOrder":9,"linkedFields":["DOB_CHK_MSG"],"relatedInfos":[],"references":[]},{"@type":"field","id":9823964,"name":"DECEASEDDATE","type":"nvarchar","uniqueName":"DECEASEDDATE","label":"DECEASEDDATE","parentObject":"EU_CUSTOMER_BAD","pcType":"UNISTRING","precision":40,"scale":0,"columnIndex":10,"isKey":false,"isExternalId":false,"isSfIdLookup":false,"isNullable":true,"isUnique":false,"isCreateable":false,"isUpdateable":true,"isFilterable":true,"isCalculated":false,"showLabel":false,"naturalOrder":10,"linkedFields":["DECEASEDDATE"],"relatedInfos":[],"references":[]},{"@type":"field","id":9823965,"name":"NATIONALIDNUMBER","type":"nvarchar","uniqueName":"NATIONALIDNUMBER","label":"NATIONALIDNUMBER","parentObject":"EU_CUSTOMER_BAD","pcType":"UNISTRING","precision":52,"scale":0,"columnIndex":11,"isKey":false,"isExternalId":false,"isSfIdLookup":false,"isNullable":true,"isUnique":false,"isCreateable":false,"isUpdateable":true,"isFilterable":true,"isCalculated":false,"showLabel":false,"naturalOrder":11,"linkedFields":["NATIONALIDNUMBER"],"relatedInfos":[],"references":[]},{"@type":"field","id":9823966,"name":"CREDITCARDNUMBER","type":"nvarchar","uniqueName":"CREDITCARDNUMBER","label":"CREDITCARDNUMBER","parentObject":"EU_CUSTOMER_BAD","pcType":"UNISTRING","precision":80,"scale":0,"columnIndex":12,"isKey":false,"isExternalId":false,"isSfIdLookup":false,"isNullable":true,"isUnique":false,"isCreateable":false,"isUpdateable":true,"isFilterable":true,"isCalculated":false,"showLabel":false,"naturalOrder":12,"linkedFields":["CREDITCARDNUMBER"],"relatedInfos":[],"references":[]},{"@type":"field","id":9823967,"name":"PHONE","type":"nvarchar","uniqueName":"PHONE","label":"PHONE","parentObject":"EU_CUSTOMER_BAD","pcType":"UNISTRING","precision":88,"scale":0,"columnIndex":13,"isKey":false,"isExternalId":false,"isSfIdLookup":false,"isNullable":true,"isUnique":false,"isCreateable":false,"isUpdateable":true,"isFilterable":true,"isCalculated":false,"showLabel":false,"naturalOrder":13,"linkedFields":["PHONE"],"relatedInfos":[],"references":[]},{"@type":"field","id":9823968,"name":"TIER","type":"nvarchar","uniqueName":"TIER","label":"TIER","parentObject":"EU_CUSTOMER_BAD","pcType":"UNISTRING","precision":40,"scale":0,"columnIndex":14,"isKey":false,"isExternalId":false,"isSfIdLookup":false,"isNullable":true,"isUnique":false,"isCreateable":false,"isUpdateable":true,"isFilterable":true,"isCalculated":false,"showLabel":false,"naturalOrder":14,"linkedFields":["TIER"],"relatedInfos":[],"references":[]},{"@type":"field","id":9823969,"name":"ADDRESS_1","type":"nvarchar","uniqueName":"ADDRESS_1","label":"ADDRESS_1","parentObject":"EU_CUSTOMER_BAD","pcType":"UNISTRING","precision":160,"scale":0,"columnIndex":15,"isKey":false,"isExternalId":false,"isSfIdLookup":false,"isNullable":true,"isUnique":false,"isCreateable":false,"isUpdateable":true,"isFilterable":true,"isCalculated":false,"showLabel":false,"naturalOrder":15,"linkedFields":["ADDRESS_1"],"relatedInfos":[],"references":[]},{"@type":"field","id":9823970,"name":"ADDRESS_2","type":"nvarchar","uniqueName":"ADDRESS_2","label":"ADDRESS_2","parentObject":"EU_CUSTOMER_BAD","pcType":"UNISTRING","precision":160,"scale":0,"columnIndex":16,"isKey":false,"isExternalId":false,"isSfIdLookup":false,"isNullable":true,"isUnique":false,"isCreateable":false,"isUpdateable":true,"isFilterable":true,"isCalculated":false,"showLabel":false,"naturalOrder":16,"linkedFields":["ADDRESS_2"],"relatedInfos":[],"references":[]},{"@type":"field","id":9823971,"name":"ADDRESS_3","type":"nvarchar","uniqueName":"ADDRESS_3","label":"ADDRESS_3","parentObject":"EU_CUSTOMER_BAD","pcType":"UNISTRING","precision":160,"scale":0,"columnIndex":17,"isKey":false,"isExternalId":false,"isSfIdLookup":false,"isNullable":true,"isUnique":false,"isCreateable":false,"isUpdateable":true,"isFilterable":true,"isCalculated":false,"showLabel":false,"naturalOrder":17,"linkedFields":["ADDRESS_3"],"relatedInfos":[],"references":[]},{"@type":"field","id":9823972,"name":"ADDRESS_4","type":"nvarchar","uniqueName":"ADDRESS_4","label":"ADDRESS_4","parentObject":"EU_CUSTOMER_BAD","pcType":"UNISTRING","precision":160,"scale":0,"columnIndex":18,"isKey":false,"isExternalId":false,"isSfIdLookup":false,"isNullable":true,"isUnique":false,"isCreateable":false,"isUpdateable":true,"isFilterable":true,"isCalculated":false,"showLabel":false,"naturalOrder":18,"linkedFields":["ADDRESS_4"],"relatedInfos":[],"references":[]},{"@type":"field","id":9823973,"name":"ADDRESS_5","type":"nvarchar","uniqueName":"ADDRESS_5","label":"ADDRESS_5","parentObject":"EU_CUSTOMER_BAD","pcType":"UNISTRING","precision":160,"scale":0,"columnIndex":19,"isKey":false,"isExternalId":false,"isSfIdLookup":false,"isNullable":true,"isUnique":false,"isCreateable":false,"isUpdateable":true,"isFilterable":true,"isCalculated":false,"showLabel":false,"naturalOrder":19,"linkedFields":["ADDRESS_5"],"relatedInfos":[],"references":[]},{"@type":"field","id":9823974,"name":"POSTCODE","type":"nvarchar","uniqueName":"POSTCODE","label":"POSTCODE","parentObject":"EU_CUSTOMER_BAD","pcType":"UNISTRING","precision":40,"scale":0,"columnIndex":20,"isKey":false,"isExternalId":false,"isSfIdLookup":false,"isNullable":true,"isUnique":false,"isCreateable":false,"isUpdateable":true,"isFilterable":true,"isCalculated":false,"showLabel":false,"naturalOrder":20,"linkedFields":["POSTCODE"],"relatedInfos":[],"references":[]},{"@type":"field","id":9823975,"name":"CITY","type":"nvarchar","uniqueName":"CITY","label":"CITY","parentObject":"EU_CUSTOMER_BAD","pcType":"UNISTRING","precision":120,"scale":0,"columnIndex":21,"isKey":false,"isExternalId":false,"isSfIdLookup":false,"isNullable":true,"isUnique":false,"isCreateable":false,"isUpdateable":true,"isFilterable":true,"isCalculated":false,"showLabel":false,"naturalOrder":21,"linkedFields":["CITY"],"relatedInfos":[],"references":[]},{"@type":"field","id":9823976,"name":"LAST_UPDATE","type":"timestamp","uniqueName":"LAST_UPDATE","label":"LAST_UPDATE","parentObject":"EU_CUSTOMER_BAD","pcType":"DATE","precision":23,"scale":3,"columnIndex":22,"isKey":false,"isExternalId":false,"isSfIdLookup":false,"isNullable":true,"isUnique":false,"isCreateable":false,"isUpdateable":true,"isFilterable":true,"isCalculated":false,"showLabel":false,"naturalOrder":22,"linkedFields":["LAST_UPDATE"],"relatedInfos":[],"references":[]},{"@type":"field","id":9823977,"name":"LOAD_DATE","type":"timestamp","uniqueName":"LOAD_DATE","label":"LOAD_DATE","parentObject":"EU_CUSTOMER_BAD","pcType":"DATE","precision":23,"scale":3,"columnIndex":23,"isKey":false,"isExternalId":false,"isSfIdLookup":false,"isNullable":true,"isUnique":false,"isCreateable":false,"isUpdateable":true,"isFilterable":true,"isCalculated":false,"showLabel":false,"naturalOrder":23,"linkedFields":["LOAD_DATE"],"relatedInfos":[],"references":[]},{"@type":"field","id":9823978,"name":"ADDRESS_VALIDATION","type":"nvarchar","uniqueName":"ADDRESS_VALIDATION","label":"ADDRESS_VALIDATION","parentObject":"EU_CUSTOMER_BAD","pcType":"UNISTRING","precision":40,"scale":0,"columnIndex":24,"isKey":false,"isExternalId":false,"isSfIdLookup":false,"isNullable":true,"isUnique":false,"isCreateable":false,"isUpdateable":true,"isFilterable":true,"isCalculated":false,"showLabel":false,"naturalOrder":24,"linkedFields":["ADDRESS_VALIDATION"],"relatedInfos":[],"references":[]}],"sortFields":[],"groupFields":[]}]