[{"@type":"mappingTemplate","id":"@1","name":"m_EU_CUSTOMER_CLEANSE","description":"Clean the EU_CUSTOMER before identify Exception","bundleVersion":"0","templateId":"@3","deployTime":1602669072000,"hasParameters":false,"valid":true,"fixedConnection":true,"hasParametersDeployed":false,"fixedConnectionDeployed":true,"tasks":1,"mappingPreviewFileRecordId":"@2","documentType":"","references":[{"@type":"reference","refObjectId":"@7j11XxDRck0fYGHapA6xmn","refType":"connection"},{"@type":"reference","refObjectId":"@0YO6n8FDYVUgyYj3DKSos4","refType":"frsDocument"},{"@type":"reference","refObjectId":"@9nSTgQRYUw9d7TBWNm9f8K","refType":"frsDocument"},{"@type":"reference","refObjectId":"@3F96gvky39Xf4P8GUywDIr","refType":"frsDocument"}]}]