[{"@type":"mappingTemplate","id":"@1","name":"m_processJson_VF - HP","description":"","bundleVersion":"0","templateId":"@3","deployTime":1605207328000,"hasParameters":false,"valid":true,"fixedConnection":true,"hasParametersDeployed":false,"fixedConnectionDeployed":true,"tasks":0,"mappingPreviewFileRecordId":"@2","documentType":"MAPPING","references":[{"@type":"reference","refObjectId":"@aMwzxF0KLGsfQrjhLHvCoz","refType":"hschema"},{"@type":"reference","refObjectId":"@33psHEO8YLLjM2z8vRoxIM","refType":"connection"},{"@type":"reference","refObjectId":"@3tlYNCr2EiginHkr9qg2sW","refType":"hschema"}]}]