[{"@type":"mappingTemplate","id":"@1","name":"m_sap_to_coupa_integration","description":"","bundleVersion":"0","templateId":"@3","deployTime":1612825673000,"hasParameters":false,"valid":true,"fixedConnection":true,"hasParametersDeployed":false,"fixedConnectionDeployed":true,"isSchemaValidationEnabled":false,"tasks":1,"mappingPreviewFileRecordId":"@2","documentType":"MAPPING","references":[{"@type":"reference","refObjectId":"@9sPr2RAlVPheGblfppAIQz","refType":"customFunc"},{"@type":"reference","refObjectId":"@8A15i3LBuAOdbaHCF7BaC6","refType":"connection"},{"@type":"reference","refObjectId":"@dAJUfWHwsOFehkRtX2WyWU","refType":"connection"}]}]