[{"@type":"mtTask","id":"@1","name":"t_m_EU_CUSTOMER_CLEANSE","description":"","runtimeEnvironmentId":"@9xH9pFY09YOjDxo3z5k50P","maxLogs":10,"verbose":false,"mappingId":"@5fbvyxxPeoQdcGD2kA2Tg0","shortDescription":"","sessionPropertiesList":[],"enableCrossSchemaPushdown":true,"enableParallelRun":false,"autoTunedApplied":false,"autoTunedAppliedType":"NONE","paramFileType":"PARAM_FILE_LOCAL","parameterFileEncoding":"UTF-8","serverlessProperties":{},"parameters":[{"@type":"mtTaskParameter","id":8327197,"name":"$EU_CUSTOMER_INIT$","type":"EXTENDED_SOURCE","label":"EU_CUSTOMER_INIT","uiProperties":{"connectionParameterized":"false","isMsrcFilterParameterized":"false","isMsrcSortParameterized":"false","isSrcPartitioned":"true","objectParameterized":"false","visible":"false"},"sourceConnectionId":"@7j11XxDRck0fYGHapA6xmn","newFlatFile":false,"newObject":false,"showBusinessNames":false,"naturalOrder":true,"truncateTarget":false,"bulkApiDBTarget":false,"customFuncCfg":{"@type":"customFuncConfig","id":-1,"connections":[],"inputMap":[],"outputFields":[]},"tgtFieldRefs":{},"targetUpdateColumns":[],"extendedObject":{"@type":"extendedObject","object":{"@type":"mObject","name":"EU_CUSTOMER_INIT","label":"EU_CUSTOMER_INIT","metadataUpdated":false,"relations":[],"children":[]},"filters":[],"sortFields":[]},"runtimeAttrs":{},"isRESTModernSource":true,"isFileList":false,"handleSpecialChars":false,"frsAsset":false,"dynamicFileName":false,"currentlyProcessedFileName":false,"fetchMode":"ORIGINAL","tgtObjectAttributes":{},"runtimeParameterData":{"@type":"mtTaskRuntimeParameterData","isConnectionRuntimeParameter":false,"isObjectRuntimeParameter":false},"overriddenFields":[]},{"@type":"mtTaskParameter","id":8327198,"name":"$EU_CUSTOMER$","type":"TARGET","label":"EU_CUSTOMER","uiProperties":{"connectionParameterized":"false","objectParameterized":"false","visible":"false","isSrcPartitioned":"true","defaultTargetUpdateColumns":""},"targetConnectionId":"@7j11XxDRck0fYGHapA6xmn","targetObject":"EU_CUSTOMER","targetObjectLabel":"EU_CUSTOMER","newFlatFile":false,"newObject":false,"showBusinessNames":false,"naturalOrder":true,"truncateTarget":true,"bulkApiDBTarget":false,"operationType":"Insert","customFuncCfg":{"@type":"customFuncConfig","id":-1,"connections":[],"inputMap":[],"outputFields":[]},"tgtFieldRefs":{},"targetUpdateColumns":[],"extendedObject":{"@type":"extendedObject","filters":[],"sortFields":[]},"runtimeAttrs":{},"isRESTModernSource":true,"isFileList":false,"handleSpecialChars":false,"frsAsset":false,"dynamicFileName":false,"currentlyProcessedFileName":false,"fetchMode":"ORIGINAL","tgtObjectAttributes":{},"runtimeParameterData":{"@type":"mtTaskRuntimeParameterData","isConnectionRuntimeParameter":false,"isObjectRuntimeParameter":false},"overriddenFields":[]}],"sequences":[],"inOutParameters":[],"connRuntimeAttrs":[]}]